{"type":"FeatureCollection","attribution":"Data © European Environment Agency (EEA), Nationally Designated Areas (NatDA/CDDA). https://www.eea.europa.eu/data-and-maps/data/nationally-designated-areas-national-cdda-18","features":[{"type":"Feature","properties":{"code":"LYFF-0001","name":"Aukštaitijos nacionalinis parkas","nr":1,"osm_type":"relation","osm_id":919299},"geometry":{"type":"Polygon","coordinates":[[[25.81575,55.44028],[25.90303,55.42886],[25.90683,55.41527],[25.89435,55.40993],[25.91108,55.40062],[25.92834,55.40563],[25.94142,55.38706],[25.93727,55.37877],[25.96388,55.36357],[25.95215,55.33368],[25.97958,55.33098],[25.97418,55.312],[25.92905,55.31993],[25.84505,55.313],[25.8967,55.28902],[25.89162,55.2794],[25.90169,55.26747],[25.92667,55.2677],[25.92997,55.24379],[25.96045,55.24845],[25.95872,55.22979],[25.94115,55.21512],[25.9557,55.20101],[26.0043,55.20057],[26.00725,55.21158],[26.04218,55.21629],[26.03321,55.22595],[26.10303,55.22662],[26.11394,55.23962],[26.13398,55.23764],[26.17156,55.2546],[26.15815,55.26634],[26.16179,55.27341],[26.1546,55.273],[26.14261,55.307],[26.12731,55.31843],[26.12668,55.33818],[26.11758,55.34668],[26.17027,55.35391],[26.16799,55.37118],[26.14688,55.38299],[26.12333,55.38168],[26.12538,55.41655],[26.11281,55.41424],[26.11523,55.42662],[26.08983,55.42713],[26.10617,55.44145],[26.12752,55.44195],[26.11861,55.45593],[26.13718,55.45935],[26.14042,55.47001],[26.13146,55.48014],[26.04729,55.46204],[26.04402,55.48112],[26.02114,55.47891],[26.01897,55.49713],[25.93255,55.49886],[25.92671,55.45714],[25.89419,55.46586],[25.81578,55.44053],[25.81575,55.44028]]]}},{"type":"Feature","properties":{"code":"LYFF-0002","name":"Dzūkijos nacionalinis parkas","nr":2,"osm_type":"relation","osm_id":7876911},"geometry":{"type":"Polygon","coordinates":[[[23.94234,54.18788],[23.99061,54.14951],[24.03365,54.15225],[24.04823,54.16477],[24.11552,54.15245],[24.09306,54.13544],[24.10309,54.11859],[24.08868,54.11358],[24.1088,54.10909],[24.06725,54.08758],[24.01517,54.09364],[23.9986,54.07828],[24.00211,54.0639],[24.06256,54.07325],[24.12791,54.05166],[24.18053,54.06343],[24.25267,54.05774],[24.25836,53.98389],[24.28324,53.98207],[24.36054,54.02507],[24.38582,53.99983],[24.3808,53.97459],[24.35271,53.96835],[24.37849,53.90174],[24.43398,53.90443],[24.43644,53.9234],[24.45239,53.9256],[24.42454,53.95451],[24.44072,53.95679],[24.44805,53.97364],[24.43179,53.97285],[24.42582,53.99118],[24.41269,53.99394],[24.42755,54.0044],[24.42399,54.03056],[24.48899,54.03348],[24.50106,54.05276],[24.58266,54.05288],[24.58238,54.07191],[24.5461,54.07668],[24.54941,54.10482],[24.49854,54.1138],[24.44605,54.14269],[24.39074,54.14898],[24.3694,54.1665],[24.34646,54.16541],[24.34484,54.17661],[24.3123,54.17799],[24.31211,54.18688],[24.20797,54.19308],[24.157,54.25704],[24.15041,54.2421],[24.12771,54.24241],[24.12231,54.2274],[24.1034,54.22324],[24.10614,54.20739],[24.03705,54.21026],[24.01727,54.18573],[23.96151,54.21594],[23.94284,54.18786],[23.94234,54.18788]]]}},{"type":"Feature","properties":{"code":"LYFF-0003","name":"Kuršių nerijos nacionalinis parkas","nr":3,"osm_type":"relation","osm_id":963625},"geometry":{"type":"Polygon","coordinates":[[[20.90346,55.29814],[21.03063,55.26895],[21.01123,55.30211],[21.06437,55.32932],[21.12273,55.4194],[21.15095,55.61756],[21.09703,55.72215],[21.05311,55.7231],[21.05224,55.5232],[20.95088,55.33913],[20.90346,55.29814]]]}},{"type":"Feature","properties":{"code":"LYFF-0004","name":"Trakų istorinis nacionalinis parkas","nr":4,"osm_type":"relation","osm_id":1502006},"geometry":{"type":"Polygon","coordinates":[[[24.78295,54.68486],[24.81101,54.66865],[24.81046,54.66502],[24.8255,54.6678],[24.85632,54.65389],[24.85248,54.65148],[24.85592,54.63842],[24.86111,54.63597],[24.8546,54.62963],[24.85725,54.61942],[24.86895,54.62435],[24.874,54.62291],[24.87205,54.61916],[24.88324,54.61659],[24.88785,54.62212],[24.88405,54.62973],[24.92026,54.63172],[24.92224,54.62955],[24.90844,54.62243],[24.91469,54.61384],[24.93988,54.61365],[24.94866,54.62519],[24.9769,54.61075],[24.96644,54.60608],[24.9844,54.59948],[25.00492,54.6117],[25.00093,54.62079],[24.9972,54.62099],[25.00248,54.61244],[24.9932,54.60953],[24.97112,54.61878],[24.97577,54.6231],[24.99137,54.61984],[24.99826,54.62406],[24.99297,54.63346],[25.00167,54.64034],[24.99225,54.64803],[25.00131,54.65776],[25.02309,54.65974],[25.0055,54.6723],[25.00829,54.68629],[24.9995,54.68418],[24.99412,54.67673],[24.97602,54.68367],[24.96006,54.68034],[24.93775,54.68404],[24.90771,54.67756],[24.90071,54.68508],[24.89266,54.68591],[24.87529,54.67644],[24.86216,54.6775],[24.84109,54.68506],[24.84022,54.69191],[24.82623,54.69476],[24.82201,54.69887],[24.82459,54.70633],[24.81379,54.71356],[24.79229,54.70299],[24.79561,54.69463],[24.78865,54.69038],[24.78295,54.68486]]]}},{"type":"Feature","properties":{"code":"LYFF-0005","name":"Žemaitijos nacionalinis parkas","nr":5,"osm_type":"relation","osm_id":7876910},"geometry":{"type":"Polygon","coordinates":[[[21.74284,55.99959],[21.75885,55.99592],[21.74679,55.99216],[21.75092,55.9863],[21.8006,55.99035],[21.79558,55.98457],[21.80174,55.97941],[21.82171,55.97497],[21.86279,55.98221],[21.84741,55.97072],[21.85543,55.96313],[21.88103,55.96414],[21.88903,55.95419],[21.93897,56.00065],[21.95486,55.99346],[21.96714,56.00151],[21.9905,55.99605],[22.00041,56.00434],[22.02306,55.99453],[22.03153,56.00494],[21.98236,56.02312],[21.98447,56.02935],[21.99844,56.02776],[21.98755,56.04407],[22.00249,56.04559],[21.98569,56.05613],[22.01798,56.09045],[22.01203,56.09741],[22.02517,56.10963],[21.99521,56.13059],[21.96004,56.12792],[21.93124,56.14358],[21.9201,56.11723],[21.91038,56.11447],[21.94652,56.09294],[21.91625,56.0853],[21.89805,56.09837],[21.9034,56.10605],[21.86941,56.11019],[21.8653,56.12218],[21.84627,56.12699],[21.8566,56.13202],[21.86576,56.15397],[21.82546,56.14105],[21.81457,56.12854],[21.80306,56.13007],[21.80666,56.11278],[21.79967,56.10858],[21.81921,56.08726],[21.80336,56.07629],[21.76786,56.08182],[21.80589,56.06524],[21.79475,56.05851],[21.81131,56.04727],[21.79789,56.03786],[21.75957,56.04023],[21.76121,56.02929],[21.74614,56.02663],[21.75418,56.01762],[21.74654,56.00515],[21.74284,55.99959]]]}},{"type":"Feature","properties":{"code":"LYFF-0006","name":"Anykščių regioninis parkas","nr":6,"osm_type":"relation","osm_id":7317263},"geometry":{"type":"Polygon","coordinates":[[[24.93045,55.42473],[24.94156,55.41734],[24.96021,55.42624],[25.00927,55.4074],[24.99369,55.3931],[25.01094,55.40149],[25.02282,55.38165],[25.01289,55.40294],[25.03754,55.40394],[25.05042,55.38567],[25.06348,55.39004],[25.05842,55.40646],[25.10837,55.4055],[25.07638,55.41881],[25.07273,55.43045],[25.08286,55.43239],[25.07009,55.43704],[25.08812,55.45616],[25.07488,55.45825],[25.09021,55.46543],[25.07001,55.47935],[25.07578,55.49566],[25.09266,55.49742],[25.14436,55.46824],[25.20135,55.49157],[25.24356,55.45532],[25.26152,55.4588],[25.24856,55.47949],[25.26072,55.48184],[25.31761,55.4599],[25.30943,55.50946],[25.33132,55.51313],[25.28334,55.53106],[25.24029,55.50804],[25.14431,55.52427],[25.13925,55.53405],[25.14921,55.53561],[25.12994,55.53894],[25.15193,55.55085],[25.13766,55.55926],[25.16345,55.56726],[25.12262,55.55806],[25.10786,55.5725],[25.11683,55.58035],[25.09966,55.57025],[25.04941,55.59555],[25.04248,55.58088],[25.00673,55.58128],[25.03967,55.57689],[25.05636,55.55808],[25.10258,55.55674],[25.11496,55.53525],[25.04278,55.51552],[25.02662,55.48183],[24.9884,55.46521],[25.00156,55.46101],[24.98669,55.44966],[24.99445,55.44637],[24.94431,55.44087],[24.93055,55.42514],[24.93045,55.42473]],[[25.0037,55.42317],[25.0257,55.43111],[25.05108,55.42208],[25.03164,55.43107],[25.03866,55.4403],[25.05917,55.42066],[25.07033,55.42274],[25.06488,55.41712],[25.07095,55.41171],[25.02359,55.41166],[25.00591,55.42132],[25.0037,55.42317]]]}},{"type":"Feature","properties":{"code":"LYFF-0007","name":"Asvejos regioninis parkas","nr":7,"osm_type":"relation","osm_id":915326},"geometry":{"type":"Polygon","coordinates":[[[25.35258,55.08256],[25.37129,55.08055],[25.35362,55.05912],[25.36508,55.05145],[25.38525,55.06302],[25.40305,55.04529],[25.42238,55.04954],[25.40953,55.02822],[25.4194,55.01519],[25.43119,55.03061],[25.52571,55.02794],[25.55313,55.01477],[25.54569,55.00862],[25.58887,54.9992],[25.59189,54.98505],[25.66064,54.97874],[25.6463,54.98977],[25.66328,55.04164],[25.65304,55.06166],[25.52008,55.07457],[25.50995,55.09203],[25.4783,55.09154],[25.47957,55.05839],[25.45187,55.06344],[25.45682,55.07579],[25.43303,55.08621],[25.35318,55.08612],[25.35258,55.08256]]]}},{"type":"Feature","properties":{"code":"LYFF-0008","name":"Aukštadvario regioninis parkas","nr":8,"osm_type":"relation","osm_id":7876901},"geometry":{"type":"Polygon","coordinates":[[[24.37231,54.5522],[24.42523,54.5302],[24.48754,54.5224],[24.48453,54.53627],[24.50809,54.53697],[24.52899,54.54777],[24.52264,54.55382],[24.53779,54.55561],[24.55401,54.53854],[24.59011,54.54108],[24.60448,54.52955],[24.61315,54.53874],[24.6298,54.52131],[24.62165,54.51169],[24.62491,54.49435],[24.65495,54.49739],[24.64448,54.50735],[24.65057,54.50895],[24.70898,54.49791],[24.75082,54.51204],[24.67825,54.51259],[24.68182,54.52093],[24.72589,54.53523],[24.71622,54.5465],[24.70456,54.54519],[24.70108,54.55666],[24.71658,54.56529],[24.70877,54.57154],[24.72053,54.56888],[24.71645,54.57532],[24.7321,54.58769],[24.76104,54.59651],[24.74928,54.60931],[24.71314,54.61309],[24.69963,54.62916],[24.69765,54.6146],[24.65487,54.59773],[24.68375,54.59972],[24.68443,54.59081],[24.62989,54.5837],[24.63233,54.60486],[24.5983,54.60419],[24.60148,54.61115],[24.58895,54.61537],[24.57899,54.60195],[24.5117,54.62149],[24.5147,54.62854],[24.48986,54.62621],[24.49239,54.63652],[24.47737,54.64275],[24.44407,54.6346],[24.4666,54.61875],[24.4569,54.59527],[24.48123,54.58467],[24.48604,54.56502],[24.47084,54.56171],[24.47106,54.55415],[24.4196,54.54571],[24.39514,54.55601],[24.37381,54.55328],[24.37231,54.5522]]]}},{"type":"Feature","properties":{"code":"LYFF-0009","name":"Biržų regioninis parkas","nr":9,"osm_type":"relation","osm_id":5226162},"geometry":{"type":"Polygon","coordinates":[[[24.45289,56.11855],[24.4768,56.11764],[24.5684,56.16062],[24.57379,56.15354],[24.61761,56.13887],[24.63173,56.13996],[24.61078,56.15406],[24.63861,56.15995],[24.64613,56.1489],[24.67816,56.14718],[24.66449,56.16494],[24.69546,56.17152],[24.72687,56.18838],[24.71847,56.19942],[24.76099,56.20022],[24.77884,56.21096],[24.78037,56.20642],[24.7954,56.20899],[24.79689,56.19817],[24.81464,56.19809],[24.81231,56.21465],[24.79922,56.21555],[24.79014,56.23238],[24.79147,56.24006],[24.80289,56.24691],[24.78281,56.25388],[24.78653,56.26449],[24.76176,56.26459],[24.76242,56.27543],[24.74877,56.27997],[24.73264,56.2771],[24.74256,56.27205],[24.73911,56.25817],[24.69762,56.26421],[24.68888,56.25932],[24.68522,56.26511],[24.68147,56.25397],[24.65985,56.2511],[24.6503,56.23752],[24.62578,56.23282],[24.62709,56.21857],[24.59955,56.21773],[24.57405,56.20134],[24.55039,56.19953],[24.54282,56.20924],[24.52823,56.20583],[24.53485,56.19966],[24.52817,56.1849],[24.51181,56.18755],[24.50809,56.18252],[24.51589,56.17232],[24.46871,56.15964],[24.48693,56.14593],[24.49614,56.15668],[24.51096,56.14835],[24.48759,56.13737],[24.49246,56.13337],[24.48066,56.12381],[24.45566,56.12863],[24.45327,56.11919],[24.45289,56.11855]]]}},{"type":"Feature","properties":{"code":"LYFF-0010","name":"Dieveniškių istorinis regioninis parkas","nr":10,"osm_type":"relation","osm_id":4497016},"geometry":{"type":"MultiPolygon","coordinates":[[[[25.52373,54.2984],[25.53076,54.29589],[25.52771,54.28521],[25.534,54.28288],[25.54961,54.27994],[25.54999,54.28941],[25.56124,54.28843],[25.5624,54.28325],[25.55256,54.28012],[25.56549,54.2704],[25.5522,54.26573],[25.56842,54.25746],[25.57056,54.24568],[25.59005,54.23218],[25.58936,54.22503],[25.57378,54.22155],[25.56865,54.19985],[25.54823,54.1932],[25.56555,54.18701],[25.55464,54.17582],[25.55614,54.16662],[25.57199,54.16751],[25.56867,54.17198],[25.57342,54.1722],[25.60251,54.16361],[25.64442,54.17453],[25.63794,54.15805],[25.66639,54.15212],[25.66684,54.15723],[25.65395,54.15704],[25.66466,54.1775],[25.72303,54.1657],[25.75784,54.1712],[25.75551,54.1803],[25.73815,54.18478],[25.73147,54.17755],[25.71558,54.17556],[25.71006,54.17796],[25.71233,54.18244],[25.67978,54.18712],[25.67675,54.18294],[25.6682,54.18681],[25.67154,54.19069],[25.64924,54.19341],[25.64859,54.20155],[25.65932,54.20656],[25.63696,54.21662],[25.62082,54.21291],[25.60937,54.22189],[25.62234,54.22876],[25.62921,54.22216],[25.64561,54.22951],[25.64481,54.24074],[25.66031,54.24664],[25.65132,54.25099],[25.64762,54.26203],[25.60804,54.27384],[25.56827,54.31817],[25.52461,54.31005],[25.52621,54.30317],[25.52373,54.2984]]],[[[25.77455,54.23752],[25.78008,54.23202],[25.78102,54.23251],[25.78216,54.23265],[25.78573,54.23363],[25.78522,54.23577],[25.78499,54.23674],[25.78468,54.23801],[25.78067,54.23697],[25.7777,54.23724],[25.77455,54.23752]]]]}},{"type":"Feature","properties":{"code":"LYFF-0011","name":"Dubysos regioninis parkas","nr":11,"osm_type":"relation","osm_id":6037302},"geometry":{"type":"Polygon","coordinates":[[[23.02174,55.52582],[23.05413,55.52003],[23.04684,55.51021],[23.0761,55.4879],[23.07114,55.45513],[23.2033,55.44492],[23.23892,55.38812],[23.34943,55.35045],[23.32439,55.34045],[23.3378,55.32807],[23.31589,55.30086],[23.34972,55.31154],[23.36109,55.30773],[23.34982,55.29684],[23.43005,55.29524],[23.44468,55.28013],[23.47053,55.29383],[23.44523,55.29078],[23.46953,55.32387],[23.44592,55.32573],[23.45468,55.33763],[23.43861,55.32492],[23.46055,55.31844],[23.4312,55.30444],[23.39595,55.30611],[23.40932,55.32709],[23.39306,55.31223],[23.34954,55.32239],[23.38968,55.34373],[23.35465,55.35642],[23.383,55.36349],[23.32174,55.36887],[23.3092,55.38537],[23.32924,55.39041],[23.29969,55.38617],[23.26004,55.4084],[23.34782,55.4376],[23.24494,55.42816],[23.20624,55.45583],[23.22088,55.48319],[23.21465,55.46481],[23.18354,55.46001],[23.18829,55.47312],[23.17051,55.46409],[23.15982,55.47794],[23.16733,55.49029],[23.13589,55.49155],[23.16527,55.50551],[23.12606,55.5091],[23.12764,55.49739],[23.11754,55.51251],[23.13535,55.5147],[23.11061,55.50211],[23.08687,55.51189],[23.07794,55.58759],[23.09108,55.6032],[23.04692,55.571],[23.07091,55.56095],[23.07383,55.52414],[23.03045,55.52726],[23.02174,55.52582]]]}},{"type":"Feature","properties":{"code":"LYFF-0012","name":"Gražutės regioninis parkas","nr":12,"osm_type":"relation","osm_id":7876902},"geometry":{"type":"Polygon","coordinates":[[[25.82594,55.62767],[25.8394,55.62319],[25.84392,55.63048],[25.85984,55.62996],[25.86141,55.63656],[25.87297,55.6292],[25.90192,55.63815],[25.96712,55.63373],[25.96858,55.62816],[25.96016,55.62771],[25.96707,55.62505],[25.96026,55.60957],[25.95038,55.60161],[25.94661,55.5776],[25.9527,55.5747],[26.04022,55.58152],[26.12329,55.57666],[26.18944,55.5687],[26.2472,55.5514],[26.25503,55.55356],[26.25123,55.56084],[26.2322,55.56699],[26.30039,55.56802],[26.30893,55.56322],[26.30281,55.56053],[26.30593,55.55446],[26.28844,55.55069],[26.31153,55.53876],[26.3134,55.54407],[26.33225,55.54043],[26.36748,55.5884],[26.38891,55.5884],[26.42295,55.62651],[26.3891,55.64689],[26.3727,55.64673],[26.3626,55.63428],[26.33773,55.62502],[26.26728,55.64185],[26.24634,55.63544],[26.23381,55.64308],[26.24589,55.65436],[26.23062,55.66362],[26.24568,55.67016],[26.23999,55.67519],[26.24555,55.68245],[26.21608,55.68214],[26.22096,55.69794],[26.21035,55.69812],[26.20268,55.71455],[26.10824,55.67576],[26.09159,55.68691],[26.09552,55.67264],[26.04339,55.65427],[25.98296,55.6534],[25.98863,55.66925],[25.98145,55.67656],[25.89386,55.65803],[25.85981,55.66529],[25.85923,55.65566],[25.82965,55.63305],[25.82594,55.62767]]]}},{"type":"Feature","properties":{"code":"LYFF-0013","name":"Kauno marių regioninis parkas","nr":13,"osm_type":"relation","osm_id":7876909},"geometry":{"type":"Polygon","coordinates":[[[23.99158,54.8705],[24.0019,54.86454],[23.99354,54.86216],[24.04972,54.84277],[24.04289,54.847],[24.05989,54.86452],[24.0546,54.88044],[24.0888,54.88771],[24.10314,54.88064],[24.12505,54.88436],[24.12658,54.87417],[24.11189,54.86331],[24.1075,54.84912],[24.13395,54.83929],[24.14961,54.84896],[24.15633,54.84278],[24.14308,54.83771],[24.16446,54.82785],[24.19378,54.83934],[24.20113,54.82549],[24.19567,54.81376],[24.21512,54.81398],[24.21412,54.80455],[24.15331,54.82299],[24.11741,54.79746],[24.13241,54.77732],[24.15278,54.7781],[24.14605,54.79112],[24.17612,54.79286],[24.18027,54.80159],[24.19403,54.7931],[24.25327,54.80424],[24.27389,54.79742],[24.2854,54.80421],[24.26243,54.81091],[24.24501,54.80614],[24.25912,54.82559],[24.24846,54.82224],[24.22923,54.83654],[24.2361,54.85597],[24.19944,54.85974],[24.19982,54.87245],[24.20949,54.87738],[24.20154,54.8934],[24.20858,54.89677],[24.19475,54.88829],[24.20358,54.88688],[24.20079,54.88068],[24.13087,54.9019],[24.1546,54.91432],[24.13892,54.91589],[24.12972,54.90742],[24.10316,54.91258],[24.11089,54.91699],[24.10428,54.92015],[24.09959,54.91295],[24.07073,54.91486],[24.01919,54.89304],[24.0158,54.88117],[23.99199,54.87088],[23.99158,54.8705]]]}},{"type":"Feature","properties":{"code":"LYFF-0014","name":"Krekenavos regioninis parkas","nr":14,"osm_type":"relation","osm_id":7876900},"geometry":{"type":"Polygon","coordinates":[[[23.99488,55.4838],[24.02498,55.46268],[24.0482,55.46154],[24.03417,55.4445],[24.04989,55.44097],[24.05232,55.45192],[24.06642,55.45764],[24.06177,55.45925],[24.06847,55.48133],[24.09831,55.48198],[24.10631,55.50246],[24.11879,55.5025],[24.12171,55.52556],[24.20129,55.53852],[24.23913,55.53303],[24.23868,55.54563],[24.25206,55.54473],[24.25118,55.55428],[24.23013,55.56194],[24.23726,55.57079],[24.23003,55.57086],[24.23326,55.5755],[24.22368,55.58019],[24.19848,55.57275],[24.17928,55.58374],[24.19304,55.59033],[24.1832,55.59122],[24.18549,55.59861],[24.2046,55.60925],[24.19575,55.60964],[24.21134,55.63388],[24.21979,55.63472],[24.23065,55.65838],[24.21137,55.65031],[24.1521,55.67162],[24.12425,55.66636],[24.13299,55.65974],[24.11168,55.63956],[24.1156,55.62467],[24.09506,55.62535],[24.11721,55.6222],[24.1003,55.61443],[24.1153,55.61579],[24.10809,55.60588],[24.11649,55.59867],[24.10486,55.60014],[24.11706,55.59678],[24.11576,55.56344],[24.10887,55.55615],[24.09646,55.55831],[24.09118,55.53802],[24.08253,55.53658],[24.08715,55.53374],[24.07498,55.51768],[24.06711,55.52862],[24.07181,55.5137],[24.05392,55.496],[24.05791,55.49239],[24.04605,55.4671],[23.9949,55.4839],[23.99488,55.4838]]]}},{"type":"Feature","properties":{"code":"LYFF-0015","name":"Kurtuvėnų regioninis parkas","nr":15,"osm_type":"relation","osm_id":952367},"geometry":{"type":"Polygon","coordinates":[[[22.87875,55.86225],[22.90053,55.86006],[22.92129,55.82932],[22.90439,55.82294],[22.90249,55.80997],[22.91941,55.80805],[22.92292,55.7957],[22.89577,55.79374],[22.88648,55.78566],[22.89882,55.76793],[22.92887,55.76316],[22.94308,55.76864],[22.949,55.75462],[22.96607,55.76025],[22.96204,55.748],[23.0233,55.74501],[23.03729,55.75936],[23.05254,55.75782],[23.05072,55.77261],[23.06597,55.77549],[23.07245,55.76992],[23.06727,55.75995],[23.07831,55.75758],[23.08383,55.74168],[23.07973,55.72791],[23.09735,55.74265],[23.10603,55.74199],[23.1158,55.7632],[23.13969,55.76283],[23.13246,55.76659],[23.13867,55.77325],[23.16439,55.77837],[23.1562,55.78246],[23.17337,55.79007],[23.18362,55.80366],[23.17739,55.81381],[23.18729,55.81584],[23.17494,55.81512],[23.15729,55.82772],[23.15414,55.84473],[23.13276,55.8547],[23.13049,55.86555],[23.08917,55.85089],[23.06722,55.85099],[23.05766,55.85316],[23.06369,55.85898],[23.05099,55.86845],[23.05026,55.87947],[23.03199,55.87774],[23.03444,55.86926],[23.01579,55.8704],[23.01363,55.85712],[22.95127,55.84665],[22.93842,55.84703],[22.93227,55.8591],[22.94638,55.87206],[22.94331,55.87781],[22.90082,55.87511],[22.89925,55.8679],[22.88067,55.86607],[22.87875,55.86225]],[[23.10494,55.78725],[23.11762,55.79379],[23.11307,55.79537],[23.12841,55.81298],[23.12749,55.81966],[23.14786,55.83209],[23.16919,55.80839],[23.13814,55.77977],[23.13084,55.79009],[23.10861,55.78739],[23.10494,55.78725]]]}},{"type":"Feature","properties":{"code":"LYFF-0016","name":"Labanoro regioninis parkas","nr":16,"osm_type":"relation","osm_id":5968596},"geometry":{"type":"Polygon","coordinates":[[[25.43926,55.2211],[25.51716,55.19832],[25.52749,55.20615],[25.53508,55.19519],[25.52917,55.19144],[25.54462,55.18407],[25.59438,55.18541],[25.59585,55.16428],[25.57277,55.15715],[25.58698,55.14038],[25.65792,55.15011],[25.66156,55.15921],[25.81257,55.0913],[25.89919,55.08832],[25.95112,55.10386],[25.95011,55.12439],[25.90787,55.12779],[25.91662,55.19089],[25.92539,55.20152],[25.96369,55.20011],[25.94115,55.21512],[25.95872,55.22979],[25.96045,55.24845],[25.92997,55.24379],[25.92964,55.26388],[25.90169,55.26747],[25.89162,55.2794],[25.8967,55.28902],[25.85803,55.30462],[25.81852,55.30641],[25.82209,55.3203],[25.84102,55.32632],[25.80411,55.34333],[25.77008,55.33418],[25.764,55.35148],[25.73781,55.36379],[25.72052,55.36359],[25.72237,55.35062],[25.68745,55.3392],[25.67939,55.31589],[25.64031,55.30685],[25.56831,55.33284],[25.53299,55.31889],[25.53559,55.30359],[25.51143,55.2943],[25.54307,55.29257],[25.56799,55.27929],[25.52979,55.27211],[25.53421,55.25547],[25.54747,55.25543],[25.54681,55.24315],[25.58467,55.23591],[25.6183,55.25224],[25.64122,55.23933],[25.61625,55.23317],[25.61917,55.2243],[25.53644,55.23676],[25.45138,55.23452],[25.43928,55.22123],[25.43926,55.2211]]]}},{"type":"Feature","properties":{"code":"LYFF-0017","name":"Metelių regioninis parkas","nr":17,"osm_type":"relation","osm_id":3749354},"geometry":{"type":"MultiPolygon","coordinates":[[[[23.53869,54.3335],[23.54685,54.31125],[23.58155,54.30661],[23.58194,54.32079],[23.59315,54.32089],[23.59323,54.3346],[23.60327,54.33429],[23.53895,54.34942],[23.53872,54.3338],[23.53869,54.3335]]],[[[23.54185,54.27653],[23.54922,54.24577],[23.57518,54.24752],[23.59416,54.23817],[23.59241,54.24461],[23.59713,54.24574],[23.58939,54.25405],[23.60438,54.26241],[23.59833,54.26754],[23.62244,54.26648],[23.62511,54.27412],[23.65312,54.27712],[23.65813,54.27182],[23.65108,54.26936],[23.65157,54.26505],[23.65731,54.25892],[23.69812,54.25498],[23.70051,54.2466],[23.71564,54.24827],[23.72037,54.23088],[23.75647,54.22482],[23.75546,54.21021],[23.7595,54.20936],[23.75918,54.20513],[23.77353,54.20555],[23.80088,54.22001],[23.80225,54.22529],[23.79443,54.23173],[23.79918,54.23761],[23.79434,54.24116],[23.79615,54.24972],[23.82387,54.24878],[23.82579,54.25643],[23.83952,54.25251],[23.85825,54.26251],[23.8515,54.26742],[23.86216,54.26928],[23.86627,54.30383],[23.86107,54.31195],[23.84897,54.31453],[23.83025,54.32941],[23.82472,54.32348],[23.80655,54.31933],[23.80209,54.31428],[23.7809,54.31838],[23.76833,54.32456],[23.74714,54.34874],[23.73829,54.33367],[23.72376,54.32787],[23.72255,54.31599],[23.70874,54.31379],[23.70231,54.31971],[23.70327,54.32894],[23.6638,54.33757],[23.65872,54.33249],[23.62567,54.32701],[23.62801,54.30351],[23.58315,54.30128],[23.56814,54.28896],[23.54188,54.27657],[23.54185,54.27653]]]]}},{"type":"Feature","properties":{"code":"LYFF-0018","name":"Nemuno deltos regioninis parkas","nr":18,"osm_type":"relation","osm_id":939072},"geometry":{"type":"Polygon","coordinates":[[[21.18177,55.34104],[21.25966,55.32018],[21.27777,55.30262],[21.2487,55.27848],[21.25829,55.25837],[21.25,55.24656],[21.27098,55.24501],[21.29447,55.25174],[21.33238,55.27527],[21.38252,55.29408],[21.40685,55.27784],[21.41651,55.2627],[21.43122,55.25233],[21.44937,55.22149],[21.48808,55.201],[21.5002,55.18734],[21.51495,55.18526],[21.54007,55.19622],[21.56453,55.19814],[21.61132,55.18724],[21.57879,55.20318],[21.58334,55.20829],[21.57673,55.20933],[21.58009,55.21381],[21.57643,55.21673],[21.58806,55.21956],[21.59053,55.22535],[21.58001,55.23033],[21.58211,55.23575],[21.59679,55.23686],[21.56099,55.23923],[21.56125,55.2444],[21.53676,55.26013],[21.49858,55.26647],[21.48975,55.26248],[21.4777,55.27311],[21.46226,55.27563],[21.46,55.28858],[21.46729,55.28887],[21.46731,55.29356],[21.44148,55.31709],[21.45528,55.32359],[21.43655,55.32948],[21.4358,55.34675],[21.42374,55.35219],[21.45874,55.38826],[21.45912,55.39664],[21.43492,55.39878],[21.4357,55.40946],[21.42297,55.41635],[21.43046,55.42425],[21.40546,55.41696],[21.39667,55.42405],[21.40172,55.41582],[21.37667,55.41233],[21.29931,55.42408],[21.27008,55.40248],[21.24234,55.41385],[21.1823,55.34285],[21.18177,55.34104]]]}},{"type":"Feature","properties":{"code":"LYFF-0020","name":"Neries regioninis parkas","nr":20,"osm_type":"relation","osm_id":921569},"geometry":{"type":"Polygon","coordinates":[[[24.83893,54.80122],[24.85017,54.79453],[24.84741,54.78326],[24.86042,54.78603],[24.8737,54.77286],[24.89853,54.77399],[24.91917,54.75902],[24.95615,54.75252],[24.97838,54.72386],[24.99007,54.72763],[25.00918,54.71867],[25.00828,54.71218],[25.03544,54.72115],[25.04375,54.71188],[25.07236,54.70759],[25.06987,54.69463],[25.08235,54.69578],[25.08329,54.71465],[25.06575,54.72297],[25.07204,54.72938],[25.06357,54.73889],[25.07502,54.75399],[25.05734,54.75148],[25.03883,54.76003],[25.02599,54.74848],[25.00641,54.75646],[25.01026,54.76472],[25.00286,54.77061],[25.01088,54.78586],[24.98548,54.79186],[25.00012,54.79433],[24.99817,54.79947],[25.01321,54.80739],[25.00184,54.81425],[24.99134,54.80895],[24.96663,54.82288],[24.96553,54.83446],[24.97513,54.83684],[24.97809,54.84695],[24.9723,54.85124],[24.91499,54.80857],[24.90493,54.82503],[24.91888,54.82641],[24.90376,54.82812],[24.9113,54.83068],[24.9063,54.84224],[24.91947,54.84232],[24.90343,54.8447],[24.9114,54.85071],[24.8899,54.84842],[24.89509,54.85597],[24.88996,54.85787],[24.86205,54.85365],[24.84965,54.83966],[24.86084,54.84194],[24.86878,54.82949],[24.85467,54.81041],[24.8416,54.80678],[24.83893,54.80122]]]}},{"type":"Feature","properties":{"code":"LYFF-0021","name":"Pagramančio regioninis parkas","nr":21,"osm_type":"relation","osm_id":6017688},"geometry":{"type":"Polygon","coordinates":[[[22.10543,55.35701],[22.10765,55.31507],[22.1149,55.30475],[22.17713,55.30577],[22.18184,55.29758],[22.20534,55.30599],[22.23145,55.29977],[22.23932,55.28454],[22.22838,55.27386],[22.2585,55.25873],[22.26724,55.2671],[22.25097,55.28817],[22.29866,55.30398],[22.26854,55.33296],[22.27262,55.34384],[22.23408,55.36141],[22.24946,55.38092],[22.23596,55.37539],[22.24245,55.3868],[22.24235,55.40277],[22.26212,55.41333],[22.24983,55.41344],[22.25049,55.42177],[22.2453,55.42246],[22.24909,55.42513],[22.24117,55.4275],[22.26528,55.43663],[22.25534,55.44112],[22.26215,55.4466],[22.25603,55.45024],[22.2749,55.45265],[22.29239,55.44753],[22.28774,55.45126],[22.3007,55.47172],[22.29041,55.4716],[22.28715,55.47768],[22.30895,55.48346],[22.2877,55.4929],[22.28261,55.49024],[22.28629,55.48452],[22.26284,55.48257],[22.25397,55.4703],[22.23913,55.4693],[22.24246,55.46097],[22.22597,55.46413],[22.23059,55.46779],[22.219,55.46538],[22.22411,55.43248],[22.19925,55.43221],[22.1915,55.42047],[22.16415,55.4218],[22.15143,55.39267],[22.16089,55.39041],[22.14402,55.36995],[22.13822,55.37138],[22.13853,55.36685],[22.1511,55.36425],[22.1329,55.36552],[22.10547,55.35762],[22.10543,55.35701]]]}},{"type":"Feature","properties":{"code":"LYFF-0022","name":"Pajūrio regioninis parkas","nr":22,"osm_type":"relation","osm_id":8358739},"geometry":{"type":"Polygon","coordinates":[[[21.04974,55.87969],[21.07369,55.77391],[21.09488,55.77914],[21.09797,55.77446],[21.12644,55.78809],[21.09908,55.81088],[21.09789,55.85812],[21.07993,55.86438],[21.06229,55.88463],[21.04974,55.88015],[21.04974,55.87969]]]}},{"type":"Feature","properties":{"code":"LYFF-0023","name":"Panemunių regioninis parkas","nr":23,"osm_type":"relation","osm_id":7876903},"geometry":{"type":"Polygon","coordinates":[[[22.93904,55.09219],[23.01116,55.07198],[23.0028,55.08409],[23.0476,55.08704],[23.04361,55.09286],[23.05005,55.09342],[23.14167,55.08114],[23.16489,55.07621],[23.16935,55.06844],[23.18858,55.07549],[23.2475,55.07046],[23.25583,55.06724],[23.25033,55.05927],[23.27299,55.06643],[23.29144,55.06306],[23.24634,55.03427],[23.26346,55.0266],[23.2881,55.0465],[23.3214,55.0341],[23.31702,55.05286],[23.32831,55.05227],[23.32277,55.06085],[23.39264,55.06004],[23.38938,55.04386],[23.3953,55.04116],[23.41903,55.05328],[23.42019,55.0605],[23.4713,55.04063],[23.48139,55.04727],[23.45746,55.055],[23.46581,55.06031],[23.46123,55.07162],[23.41727,55.08389],[23.41599,55.09148],[23.40384,55.0835],[23.36324,55.0819],[23.35981,55.09161],[23.33936,55.10344],[23.33556,55.09694],[23.35261,55.08003],[23.32254,55.08694],[23.30996,55.07935],[23.28223,55.08268],[23.28908,55.09353],[23.26093,55.09491],[23.25239,55.10422],[23.24175,55.10379],[23.23398,55.0903],[23.21572,55.09277],[23.21707,55.09745],[23.18501,55.09415],[23.18986,55.09675],[23.14181,55.1045],[23.16377,55.11064],[23.11272,55.10922],[23.1188,55.11391],[23.03128,55.1129],[22.99108,55.1066],[22.96097,55.0919],[22.93915,55.09231],[22.93904,55.09219]]]}},{"type":"Feature","properties":{"code":"LYFF-0024","name":"Pavilnių regioninis parkas","nr":24,"osm_type":"relation","osm_id":7876898},"geometry":{"type":"Polygon","coordinates":[[[25.30339,54.65653],[25.32242,54.65016],[25.33447,54.65675],[25.33975,54.66751],[25.34855,54.66595],[25.35415,54.66896],[25.355,54.67301],[25.37085,54.67572],[25.37717,54.68058],[25.38818,54.67995],[25.38332,54.68206],[25.3919,54.68661],[25.40086,54.6867],[25.40727,54.68234],[25.40832,54.68624],[25.3944,54.68768],[25.39725,54.68922],[25.38744,54.69284],[25.39216,54.69368],[25.38095,54.69551],[25.38086,54.69738],[25.39503,54.69668],[25.38488,54.70198],[25.38502,54.70446],[25.37046,54.70574],[25.35507,54.70322],[25.35711,54.71009],[25.33435,54.71281],[25.33525,54.71788],[25.33064,54.72094],[25.31944,54.71477],[25.3223,54.71316],[25.32026,54.71075],[25.33115,54.70843],[25.32058,54.70436],[25.32565,54.70128],[25.31723,54.70106],[25.32617,54.70018],[25.31673,54.69425],[25.32145,54.69372],[25.31609,54.69326],[25.31697,54.68921],[25.31231,54.69127],[25.31334,54.68953],[25.30446,54.6896],[25.30841,54.68555],[25.3214,54.6911],[25.32519,54.69011],[25.32336,54.68762],[25.32542,54.6864],[25.31507,54.68005],[25.32231,54.67785],[25.32055,54.67461],[25.32526,54.67157],[25.31983,54.66797],[25.31367,54.6683],[25.31303,54.66408],[25.30768,54.66407],[25.30903,54.66073],[25.30352,54.6571],[25.30339,54.65653]]]}},{"type":"Feature","properties":{"code":"LYFF-0025","name":"Rambyno regioninis parkas","nr":25,"osm_type":"relation","osm_id":7876899},"geometry":{"type":"Polygon","coordinates":[[[22.00124,55.10416],[22.01971,55.08593],[22.03938,55.08058],[22.03072,55.05419],[22.0403,55.03904],[22.07271,55.02556],[22.10024,55.02415],[22.12773,55.0345],[22.13449,55.05728],[22.11942,55.06402],[22.123,55.07042],[22.13271,55.06929],[22.12546,55.07861],[22.13498,55.08418],[22.14182,55.07813],[22.1457,55.09219],[22.1356,55.09838],[22.16183,55.11391],[22.13098,55.12556],[22.12717,55.11882],[22.11567,55.11841],[22.12103,55.11314],[22.1173,55.09614],[22.10695,55.09318],[22.10396,55.07709],[22.06688,55.07434],[22.05604,55.08731],[22.04952,55.08399],[22.02228,55.09501],[22.02778,55.10774],[22.00265,55.11051],[22.00536,55.10665],[22.00124,55.10416]]]}},{"type":"Feature","properties":{"code":"LYFF-0026","name":"Salantų regioninis parkas","nr":26,"osm_type":"relation","osm_id":7345144},"geometry":{"type":"Polygon","coordinates":[[[21.46112,55.91606],[21.47681,55.91423],[21.46564,55.91031],[21.46983,55.90309],[21.48689,55.9129],[21.50563,55.90514],[21.5137,55.91609],[21.54658,55.90899],[21.53449,55.91981],[21.50062,55.91883],[21.50948,55.95266],[21.5848,55.92651],[21.61332,55.94937],[21.59519,55.96615],[21.53376,55.96981],[21.53202,55.97946],[21.55488,55.97874],[21.5417,55.98997],[21.57002,56.00793],[21.56202,56.01072],[21.56806,56.04293],[21.62198,56.05302],[21.58042,56.06859],[21.59786,56.07932],[21.62277,56.07059],[21.60342,56.0809],[21.61969,56.09015],[21.63179,56.08309],[21.62208,56.09155],[21.63192,56.10186],[21.673,56.11734],[21.66099,56.14856],[21.59347,56.1381],[21.62735,56.16153],[21.59146,56.15886],[21.58468,56.17204],[21.56408,56.17409],[21.5515,56.15099],[21.54163,56.1507],[21.49904,56.17719],[21.54058,56.13865],[21.51903,56.12376],[21.52335,56.11163],[21.50637,56.10935],[21.52552,56.09725],[21.48571,56.10139],[21.52773,56.09023],[21.52711,56.07344],[21.5411,56.06645],[21.52475,56.04458],[21.53848,56.04477],[21.54209,56.03074],[21.51272,56.01091],[21.5003,55.99132],[21.50483,55.98042],[21.49533,55.97926],[21.50533,55.96487],[21.48015,55.95158],[21.48658,55.94751],[21.46287,55.91683],[21.46112,55.91606]]]}},{"type":"Feature","properties":{"code":"LYFF-0027","name":"Sartų regioninis parkas","nr":27,"osm_type":"relation","osm_id":7349559},"geometry":{"type":"Polygon","coordinates":[[[25.70461,55.74237],[25.7084,55.73647],[25.73393,55.73548],[25.73544,55.76153],[25.75604,55.76914],[25.7622,55.78141],[25.77276,55.77251],[25.81225,55.76684],[25.82394,55.7419],[25.83871,55.7374],[25.84037,55.72802],[25.85119,55.72895],[25.84995,55.74597],[25.85796,55.7512],[25.84648,55.75621],[25.85072,55.76397],[25.87507,55.77037],[25.88679,55.76385],[25.87992,55.75586],[25.89151,55.75068],[25.89843,55.75932],[25.91649,55.76071],[25.92004,55.76954],[25.94241,55.77738],[25.95301,55.77465],[25.93544,55.78689],[25.90942,55.78416],[25.89273,55.79117],[25.90656,55.80399],[25.92507,55.80103],[25.9222,55.79757],[25.93269,55.79214],[25.94079,55.7983],[25.94056,55.80749],[25.91265,55.82338],[25.91951,55.82893],[25.91144,55.83798],[25.918,55.8466],[25.89396,55.84949],[25.87395,55.84069],[25.88177,55.868],[25.8739,55.88259],[25.85481,55.88189],[25.83892,55.85777],[25.84183,55.85302],[25.81903,55.84211],[25.72986,55.85485],[25.73577,55.84944],[25.72803,55.84457],[25.76204,55.83069],[25.76781,55.82153],[25.76448,55.80569],[25.71795,55.78828],[25.72015,55.7797],[25.70807,55.77378],[25.70739,55.76519],[25.71601,55.76439],[25.7134,55.75262],[25.71883,55.74783],[25.70466,55.74254],[25.70461,55.74237]]]}},{"type":"Feature","properties":{"code":"LYFF-0028","name":"Sirvėtos regioninis parkas","nr":28,"osm_type":"relation","osm_id":2167845},"geometry":{"type":"Polygon","coordinates":[[[26.16896,55.225],[26.18238,55.22129],[26.18689,55.22591],[26.1999,55.22462],[26.19871,55.22015],[26.20821,55.21977],[26.21292,55.21572],[26.1999,55.20603],[26.19615,55.20879],[26.19157,55.20389],[26.20739,55.19342],[26.20437,55.18838],[26.19143,55.18277],[26.19206,55.17694],[26.18235,55.16553],[26.18226,55.16189],[26.1942,55.16018],[26.19261,55.14846],[26.20184,55.14326],[26.22889,55.15348],[26.26008,55.1555],[26.27483,55.16506],[26.28912,55.16725],[26.30156,55.16184],[26.28946,55.16914],[26.33057,55.18292],[26.33393,55.19388],[26.34147,55.19254],[26.35616,55.20122],[26.34641,55.21339],[26.34863,55.22089],[26.34624,55.2286],[26.34941,55.22985],[26.33821,55.24031],[26.33834,55.24399],[26.32782,55.24274],[26.31047,55.22817],[26.31081,55.23124],[26.30314,55.23192],[26.30241,55.23557],[26.30555,55.23638],[26.29941,55.24172],[26.29058,55.24028],[26.27674,55.25042],[26.27145,55.25052],[26.26991,55.23997],[26.25737,55.24305],[26.25975,55.25062],[26.24945,55.25138],[26.23311,55.24727],[26.24417,55.24723],[26.24634,55.24427],[26.23955,55.24052],[26.23805,55.23495],[26.20654,55.23641],[26.18408,55.2429],[26.17004,55.23037],[26.17403,55.22899],[26.16917,55.22586],[26.16896,55.225]]]}},{"type":"Feature","properties":{"code":"LYFF-0029","name":"Tytuvėnų regioninis parkas","nr":29,"osm_type":"relation","osm_id":1111492},"geometry":{"type":"Polygon","coordinates":[[[23.1249,55.55705],[23.20149,55.56193],[23.21243,55.54203],[23.18161,55.52784],[23.18832,55.50619],[23.22781,55.50453],[23.25881,55.52723],[23.27418,55.51742],[23.40974,55.59454],[23.40261,55.6229],[23.43304,55.64845],[23.37763,55.64604],[23.35274,55.662],[23.35335,55.64157],[23.32698,55.63558],[23.30731,55.65817],[23.29182,55.64192],[23.27285,55.65002],[23.29113,55.62374],[23.27651,55.60964],[23.20141,55.61765],[23.19805,55.63826],[23.24804,55.68926],[23.22034,55.70622],[23.18034,55.70025],[23.19282,55.66733],[23.16153,55.6456],[23.17699,55.61373],[23.12604,55.55854],[23.1249,55.55705]]]}},{"type":"Feature","properties":{"code":"LYFF-0030","name":"Varnių regioninis parkas","nr":30,"osm_type":"relation","osm_id":935244},"geometry":{"type":"MultiPolygon","coordinates":[[[[22.23828,55.67025],[22.26611,55.65227],[22.25202,55.63511],[22.29628,55.62559],[22.28707,55.61665],[22.30654,55.613],[22.3239,55.58852],[22.34845,55.58794],[22.35521,55.61066],[22.42095,55.62623],[22.41319,55.64554],[22.3792,55.65032],[22.38624,55.64101],[22.36341,55.6318],[22.35132,55.63626],[22.35357,55.65082],[22.41444,55.69241],[22.40587,55.70194],[22.41593,55.70385],[22.41632,55.71732],[22.40672,55.72556],[22.52815,55.77464],[22.49921,55.79381],[22.47504,55.7868],[22.45407,55.80007],[22.47371,55.81544],[22.40536,55.84547],[22.42777,55.85607],[22.42357,55.86198],[22.47987,55.87096],[22.45494,55.88461],[22.47739,55.90831],[22.44823,55.91429],[22.42524,55.89415],[22.38379,55.89149],[22.39573,55.8766],[22.34957,55.88336],[22.3545,55.87403],[22.33509,55.86325],[22.36376,55.83733],[22.36158,55.81135],[22.33407,55.8012],[22.3158,55.80601],[22.31381,55.81932],[22.28926,55.82044],[22.28326,55.83423],[22.29868,55.83568],[22.29896,55.84497],[22.25814,55.84417],[22.24073,55.8113],[22.32,55.7791],[22.32443,55.76848],[22.3463,55.77141],[22.36546,55.749],[22.3153,55.73169],[22.28075,55.73284],[22.27704,55.72115],[22.25548,55.72723],[22.27414,55.70311],[22.2415,55.67428],[22.23828,55.67025]]],[[[22.43919,55.66891],[22.47099,55.65949],[22.49988,55.68793],[22.54733,55.69935],[22.49421,55.72076],[22.54025,55.73083],[22.54438,55.74461],[22.516,55.75926],[22.46683,55.73769],[22.47185,55.70139],[22.44168,55.67124],[22.43919,55.66891]]],[[[22.50631,55.88892],[22.5268,55.88849],[22.51035,55.86511],[22.55263,55.85892],[22.51082,55.84807],[22.56283,55.83574],[22.56867,55.8145],[22.58915,55.83715],[22.59329,55.87144],[22.51414,55.89563],[22.50631,55.88892]]]]}},{"type":"Feature","properties":{"code":"LYFF-0031","name":"Veisiejų regioninis parkas","nr":31,"osm_type":"relation","osm_id":3237667},"geometry":{"type":"Polygon","coordinates":[[[23.59014,54.11055],[23.60401,54.10676],[23.59936,54.10096],[23.63734,54.10361],[23.65636,54.11294],[23.66694,54.1074],[23.66136,54.105],[23.66709,54.09067],[23.66251,54.08015],[23.65443,54.07578],[23.6708,54.07241],[23.66923,54.06615],[23.65328,54.05634],[23.6575,54.0174],[23.66558,54.01707],[23.66094,54.00544],[23.66465,54.00017],[23.69254,54.00161],[23.70999,54.00809],[23.72701,54.01896],[23.72666,54.02574],[23.73159,54.02856],[23.78072,54.03058],[23.79795,54.04456],[23.8001,54.05273],[23.79102,54.05807],[23.79738,54.06261],[23.78601,54.06972],[23.78651,54.07544],[23.77521,54.07578],[23.77228,54.06972],[23.75233,54.07536],[23.75719,54.08167],[23.74067,54.09634],[23.74975,54.10067],[23.74575,54.10819],[23.70892,54.10197],[23.71357,54.11408],[23.7386,54.11361],[23.75191,54.12487],[23.74719,54.12459],[23.73581,54.14379],[23.72988,54.14521],[23.72998,54.15194],[23.70878,54.14878],[23.69428,54.15712],[23.67774,54.15367],[23.67431,54.14896],[23.65711,54.15083],[23.66185,54.16614],[23.67426,54.17461],[23.67275,54.18014],[23.62045,54.18342],[23.61532,54.17524],[23.63801,54.16836],[23.63885,54.16099],[23.61536,54.15179],[23.63419,54.12534],[23.60401,54.12382],[23.59865,54.1163],[23.59014,54.11055]]]}},{"type":"Feature","properties":{"code":"LYFF-0032","name":"Ventos regioninis parkas","nr":32,"osm_type":"relation","osm_id":7876908},"geometry":{"type":"Polygon","coordinates":[[[22.47275,56.22791],[22.49722,56.23255],[22.51629,56.22451],[22.53394,56.22552],[22.51372,56.21731],[22.5178,56.20734],[22.54603,56.21073],[22.53605,56.19569],[22.53662,56.18708],[22.52397,56.18044],[22.52483,56.16694],[22.543,56.17828],[22.55093,56.1993],[22.56865,56.20355],[22.56499,56.20793],[22.58027,56.20754],[22.57918,56.2032],[22.58716,56.19915],[22.58571,56.1923],[22.57545,56.19379],[22.5652,56.18728],[22.56285,56.17919],[22.55728,56.17936],[22.56402,56.17423],[22.5823,56.17654],[22.56808,56.15923],[22.57825,56.15907],[22.57644,56.15187],[22.6476,56.14015],[22.64686,56.14408],[22.65835,56.14679],[22.65978,56.15397],[22.68686,56.15176],[22.69676,56.15568],[22.68791,56.163],[22.692,56.16751],[22.72545,56.16529],[22.73542,56.15704],[22.78601,56.14226],[22.80304,56.12461],[22.84494,56.11778],[22.84888,56.11117],[22.83327,56.0961],[22.84716,56.08878],[22.85175,56.07288],[22.85773,56.079],[22.85441,56.09815],[22.86786,56.12033],[22.86048,56.1272],[22.74532,56.16974],[22.7183,56.18539],[22.69986,56.18512],[22.65197,56.20231],[22.6363,56.2183],[22.68397,56.22462],[22.70715,56.24177],[22.68537,56.22997],[22.64502,56.22495],[22.48974,56.24175],[22.47357,56.23211],[22.47275,56.22791]]]}},{"type":"Feature","properties":{"code":"LYFF-0033","name":"Verkių regioninis parkas","nr":33,"osm_type":"relation","osm_id":7327179},"geometry":{"type":"MultiPolygon","coordinates":[[[[25.27189,54.76914],[25.27718,54.76743],[25.27591,54.76412],[25.272,54.76478],[25.2724,54.75796],[25.28013,54.75798],[25.28267,54.76588],[25.29101,54.7627],[25.28773,54.75176],[25.27937,54.74805],[25.28074,54.74386],[25.27683,54.74085],[25.27867,54.73591],[25.28423,54.73523],[25.28149,54.72876],[25.29331,54.72455],[25.29573,54.72824],[25.30604,54.72877],[25.29144,54.73185],[25.29195,54.74572],[25.33329,54.7492],[25.34264,54.75619],[25.35176,54.75344],[25.35407,54.76378],[25.35787,54.76635],[25.34799,54.7684],[25.3466,54.7728],[25.33644,54.77673],[25.34149,54.77968],[25.33927,54.78819],[25.3476,54.79245],[25.34766,54.79645],[25.33639,54.79127],[25.32979,54.80266],[25.31712,54.80114],[25.3095,54.80653],[25.31371,54.81475],[25.32154,54.81549],[25.32065,54.82728],[25.31431,54.83226],[25.30532,54.82678],[25.2994,54.82878],[25.2845,54.82326],[25.28756,54.82071],[25.28544,54.81334],[25.2941,54.81182],[25.28907,54.80843],[25.28991,54.8042],[25.28195,54.80747],[25.27501,54.80587],[25.28739,54.80216],[25.29155,54.79935],[25.28792,54.79827],[25.29695,54.79664],[25.29811,54.79101],[25.32213,54.78017],[25.30429,54.7708],[25.28854,54.77406],[25.27398,54.77276],[25.27344,54.76902],[25.27189,54.76914]]],[[[25.35141,54.81463],[25.35605,54.80754],[25.35674,54.80547],[25.35539,54.80535],[25.35772,54.80475],[25.36008,54.80768],[25.3595,54.81356],[25.35602,54.81964],[25.35222,54.81926],[25.35151,54.81514],[25.35141,54.81463]]]]}},{"type":"Feature","properties":{"code":"LYFF-0034","name":"Vištyčio regioninis parkas","nr":34,"osm_type":"relation","osm_id":5935378},"geometry":{"type":"Polygon","coordinates":[[[22.70118,54.45361],[22.73644,54.44292],[22.76711,54.38482],[22.792,54.36332],[22.81143,54.37098],[22.8363,54.40648],[22.88341,54.40953],[22.89036,54.429],[22.82792,54.45309],[22.82122,54.46812],[22.83296,54.48981],[22.79824,54.49237],[22.80451,54.5094],[22.77932,54.51198],[22.79397,54.53406],[22.77842,54.54635],[22.74087,54.53181],[22.74146,54.51878],[22.73222,54.51791],[22.75316,54.46977],[22.73379,54.47341],[22.71996,54.46405],[22.70229,54.47393],[22.70217,54.45489],[22.70118,54.45361]]]}},{"type":"Feature","properties":{"code":"LYFF-0035","name":"Žagarės regioninis parkas","nr":35,"osm_type":"relation","osm_id":7314046},"geometry":{"type":"MultiPolygon","coordinates":[[[[23.1509,56.28742],[23.16467,56.27325],[23.17103,56.26944],[23.17927,56.26939],[23.1775,56.26471],[23.18037,56.26176],[23.21081,56.24727],[23.21729,56.2386],[23.22363,56.24032],[23.22145,56.24242],[23.24095,56.25862],[23.23556,56.26188],[23.23634,56.2654],[23.24886,56.27286],[23.23733,56.28064],[23.25699,56.28937],[23.25271,56.29307],[23.26038,56.29564],[23.2632,56.30058],[23.24937,56.30897],[23.24246,56.30598],[23.23816,56.30848],[23.23964,56.31165],[23.23458,56.31311],[23.25364,56.34986],[23.26495,56.35548],[23.27881,56.35629],[23.27374,56.35834],[23.27642,56.36224],[23.27266,56.36541],[23.30475,56.37859],[23.32233,56.37881],[23.328,56.37506],[23.33631,56.37736],[23.36778,56.3719],[23.36257,56.36609],[23.38045,56.35818],[23.38987,56.36329],[23.38658,56.368],[23.39691,56.37325],[23.40969,56.37125],[23.38798,56.37892],[23.30645,56.38305],[23.30899,56.38123],[23.30425,56.37846],[23.283,56.37193],[23.26449,56.37142],[23.22635,56.35766],[23.16603,56.32773],[23.16998,56.32357],[23.19141,56.33089],[23.21203,56.31832],[23.19512,56.3063],[23.17936,56.31064],[23.17432,56.30826],[23.18103,56.30144],[23.1703,56.2964],[23.17273,56.29456],[23.16731,56.29017],[23.1554,56.28957],[23.1509,56.28742]]],[[[23.16937,56.21633],[23.19293,56.20431],[23.19969,56.20957],[23.23857,56.19367],[23.24325,56.19713],[23.26059,56.19319],[23.27915,56.21366],[23.24559,56.2283],[23.20846,56.23314],[23.16937,56.21663],[23.16937,56.21633]]]]}},{"type":"Feature","properties":{"code":"LYFF-0036","name":"Žuvinto biosferos rezervatas","nr":36,"osm_type":"relation","osm_id":2888043},"geometry":{"type":"Polygon","coordinates":[[[23.40015,54.4389],[23.41596,54.42645],[23.41411,54.42133],[23.40464,54.41902],[23.40834,54.4119],[23.41198,54.41074],[23.41178,54.40751],[23.41871,54.4057],[23.42183,54.39663],[23.43004,54.39058],[23.42819,54.38813],[23.43855,54.38317],[23.44317,54.38385],[23.44791,54.39471],[23.44137,54.39832],[23.44381,54.40098],[23.45532,54.40041],[23.46817,54.40622],[23.48504,54.40058],[23.5269,54.39772],[23.57574,54.40005],[23.589,54.41365],[23.58881,54.42096],[23.60223,54.42971],[23.62189,54.44805],[23.63332,54.4519],[23.65366,54.45385],[23.66915,54.45977],[23.68902,54.45786],[23.69443,54.46772],[23.68759,54.47847],[23.67651,54.48583],[23.67339,54.50051],[23.66277,54.51071],[23.64534,54.51854],[23.61877,54.51493],[23.61095,54.52558],[23.61338,54.5316],[23.62348,54.53698],[23.62207,54.54421],[23.61513,54.54841],[23.53396,54.55308],[23.52947,54.54737],[23.52241,54.54496],[23.52907,54.52495],[23.51231,54.52315],[23.51103,54.52056],[23.49242,54.52287],[23.49384,54.51675],[23.48915,54.50338],[23.49558,54.48951],[23.49841,54.4662],[23.50094,54.46285],[23.47041,54.46059],[23.45823,54.46143],[23.45392,54.46459],[23.42654,54.46003],[23.42926,54.45248],[23.4051,54.44357],[23.40037,54.43917],[23.40015,54.4389]]]}},{"type":"Feature","properties":{"code":"LYFF-0037","name":"Kamanu valstybinis gamtinis rezervatas","nr":37,"osm_type":"way","osm_id":224274657},"geometry":{"type":"Polygon","coordinates":[[[22.57088,56.3051],[22.60352,56.29353],[22.58038,56.2887],[22.59379,56.26811],[22.64306,56.25185],[22.66259,56.27397],[22.73023,56.29099],[22.66725,56.30049],[22.65666,56.3203],[22.581,56.30423],[22.57088,56.3051]]]}},{"type":"Feature","properties":{"code":"LYFF-0038","name":"Viešvilės valstybinis gamtinis rezervatas","nr":38,"osm_type":"way","osm_id":835138221},"geometry":{"type":"Polygon","coordinates":[[[22.38906,55.16706],[22.41613,55.15435],[22.3993,55.1447],[22.42082,55.11135],[22.40215,55.09513],[22.40629,55.08436],[22.43451,55.1073],[22.43272,55.13259],[22.50279,55.14017],[22.45298,55.18732],[22.38925,55.1675],[22.38906,55.16706]]]}},{"type":"Feature","properties":{"code":"LYFF-0039","name":"Čepkelių valstybinis gamtinis rezervatas","nr":39,"osm_type":"relation","osm_id":12160692},"geometry":{"type":"Polygon","coordinates":[[[24.41269,53.99394],[24.42582,53.99118],[24.43024,53.9849],[24.43179,53.97285],[24.44805,53.97364],[24.44938,53.96488],[24.43762,53.962],[24.44072,53.95679],[24.42454,53.95451],[24.42916,53.94235],[24.44485,53.94444],[24.45239,53.9256],[24.43644,53.9234],[24.44148,53.91057],[24.43349,53.90895],[24.43433,53.90155],[24.43688,53.90135],[24.45549,53.90849],[24.45794,53.91812],[24.46545,53.92129],[24.47477,53.932],[24.48705,53.93516],[24.50342,53.9456],[24.50967,53.95424],[24.50754,53.96038],[24.51701,53.96646],[24.52777,53.9663],[24.5463,53.97295],[24.57401,53.98811],[24.5775,53.9863],[24.60107,53.9931],[24.60116,53.99909],[24.60767,53.99948],[24.6114,54.00443],[24.62552,54.01102],[24.63253,54.01002],[24.62465,54.02345],[24.62152,54.01439],[24.59704,53.99383],[24.56251,53.98517],[24.59536,53.99535],[24.62126,54.01446],[24.62464,54.0237],[24.61764,54.03617],[24.59311,54.02969],[24.58871,54.03645],[24.58139,54.03479],[24.57719,54.0413],[24.5701,54.03957],[24.56443,54.04837],[24.55623,54.04646],[24.55588,54.05586],[24.50106,54.05276],[24.50246,54.04329],[24.48753,54.04281],[24.48899,54.03348],[24.42399,54.03056],[24.42755,54.0044],[24.41582,54.00367],[24.41272,53.99447],[24.41269,53.99394]]]}},{"type":"Feature","properties":{"code":"LYFF-0067","name":"Švendrės botaninis draustinis","nr":67,"osm_type":"way","osm_id":1168212592},"geometry":{"type":"Polygon","coordinates":[[[23.12069,55.91435],[23.12302,55.91322],[23.1223,55.91104],[23.13865,55.90478],[23.14344,55.90783],[23.14694,55.90707],[23.15573,55.91386],[23.13199,55.92395],[23.12328,55.91815],[23.12518,55.9172],[23.12069,55.91435]]]}},{"type":"Feature","properties":{"code":"LYFF-0075","name":"Gelžės botaninis-zoologinis draustinis","nr":75,"osm_type":"relation","osm_id":7876914},"geometry":{"type":"Polygon","coordinates":[[[22.64317,56.03984],[22.68517,56.03335],[22.69224,56.02538],[22.70414,56.02788],[22.70977,56.02304],[22.72233,56.03323],[22.70937,56.04193],[22.71724,56.0522],[22.6963,56.04652],[22.66652,56.05317],[22.6441,56.04713],[22.64402,56.04194],[22.64317,56.03984]]]}},{"type":"Feature","properties":{"code":"LYFF-0080","name":"Laumių botaninis-zoologinis draustinis","nr":80,"osm_type":"way","osm_id":138507935},"geometry":{"type":"Polygon","coordinates":[[[21.85523,56.20374],[21.86507,56.20066],[21.86896,56.19706],[21.86622,56.19238],[21.87933,56.18953],[21.88241,56.19951],[21.88069,56.20839],[21.87949,56.21231],[21.87126,56.2112],[21.86678,56.20833],[21.85678,56.20775],[21.85523,56.20374]]]}},{"type":"Feature","properties":{"code":"LYFF-0087","name":"Rėkyvos botaninis-zoologinis draustinis","nr":87,"osm_type":"relation","osm_id":8426092},"geometry":{"type":"Polygon","coordinates":[[[23.22441,55.84469],[23.25537,55.84575],[23.2722,55.85841],[23.26532,55.8641],[23.26914,55.87178],[23.30102,55.88298],[23.29389,55.88824],[23.25971,55.87696],[23.22924,55.86275],[23.23141,55.85383],[23.22441,55.84469]]]}},{"type":"Feature","properties":{"code":"LYFF-0109","name":"Ablingos geomorfologinis draustinis","nr":109,"osm_type":"relation","osm_id":6441044},"geometry":{"type":"Polygon","coordinates":[[[21.68286,55.74197],[21.68288,55.73898],[21.71141,55.73182],[21.71318,55.7246],[21.71865,55.72395],[21.72509,55.72971],[21.719,55.73315],[21.72603,55.74292],[21.69533,55.75363],[21.68295,55.74247],[21.68286,55.74197]]]}},{"type":"Feature","properties":{"code":"LYFF-0112","name":"Buožėnų geomorfologinis draustinis","nr":112,"osm_type":"way","osm_id":142756330},"geometry":{"type":"Polygon","coordinates":[[[22.08156,56.02061],[22.13381,56.01723],[22.16233,56.02089],[22.16771,56.02939],[22.16659,56.034],[22.15269,56.03907],[22.14665,56.03339],[22.13252,56.03079],[22.09539,56.03153],[22.08169,56.02096],[22.08156,56.02061]]]}},{"type":"Feature","properties":{"code":"LYFF-0113","name":"Dvarčionių geomorfologinis draustinis","nr":113,"osm_type":"way","osm_id":1175123181},"geometry":{"type":"Polygon","coordinates":[[[25.37416,54.73458],[25.37841,54.73416],[25.37784,54.73067],[25.38659,54.72278],[25.39299,54.72416],[25.39205,54.71863],[25.4072,54.71207],[25.40958,54.71037],[25.40831,54.70935],[25.41581,54.70731],[25.41412,54.71098],[25.40506,54.71726],[25.39899,54.71887],[25.39654,54.72217],[25.39874,54.72377],[25.39464,54.72656],[25.38268,54.72715],[25.38317,54.72946],[25.38057,54.73162],[25.38385,54.7357],[25.38143,54.73751],[25.37481,54.73484],[25.37416,54.73458]]]}},{"type":"Feature","properties":{"code":"LYFF-0115","name":"Griovių geomorfologinis draustinis","nr":115,"osm_type":"relation","osm_id":4471823},"geometry":{"type":"Polygon","coordinates":[[[25.10471,54.67864],[25.11854,54.67932],[25.1319,54.68334],[25.15329,54.68077],[25.16251,54.68334],[25.15939,54.68503],[25.15711,54.69366],[25.1501,54.69618],[25.14623,54.70193],[25.14309,54.7008],[25.14503,54.69814],[25.13483,54.69538],[25.12416,54.69912],[25.11693,54.6982],[25.11378,54.6943],[25.11626,54.69195],[25.11269,54.69258],[25.10793,54.68815],[25.10479,54.67888],[25.10471,54.67864]]]}},{"type":"Feature","properties":{"code":"LYFF-0117","name":"Jukainių geomorfologinis draustinis","nr":117,"osm_type":"node","osm_id":11978873998},"geometry":{"type":"Point","coordinates":[22.9263,55.4308]}},{"type":"Feature","properties":{"code":"LYFF-0119","name":"Juozapinės geomorfologinis draustinis","nr":119,"osm_type":"node","osm_id":5697308517},"geometry":{"type":"Point","coordinates":[25.6260757,54.5270828]}},{"type":"Feature","properties":{"code":"LYFF-0147","name":"Vilkaičių geomorfologinis draustinis","nr":147,"osm_type":"node","osm_id":1067351828},"geometry":{"type":"Point","coordinates":[22.07508,55.918032]}},{"type":"Feature","properties":{"code":"LYFF-0154","name":"Aluonos hidrografinis draustinis","nr":154,"osm_type":"relation","osm_id":7876906},"geometry":{"type":"Polygon","coordinates":[[[23.71292,55.17639],[23.71788,55.17386],[23.71679,55.16761],[23.72196,55.16265],[23.73227,55.16205],[23.7326,55.1535],[23.73933,55.15495],[23.73942,55.15325],[23.74571,55.15236],[23.7477,55.1536],[23.74818,55.15208],[23.75511,55.15173],[23.76113,55.15427],[23.76353,55.15262],[23.76684,55.15311],[23.76555,55.15125],[23.77888,55.15845],[23.78553,55.15853],[23.79599,55.15523],[23.80005,55.15693],[23.79914,55.15897],[23.80213,55.15832],[23.80353,55.1598],[23.79727,55.1601],[23.79638,55.15801],[23.79291,55.15962],[23.79292,55.15794],[23.78903,55.16034],[23.7839,55.16013],[23.78313,55.16202],[23.7822,55.16083],[23.77698,55.16223],[23.7756,55.16043],[23.77098,55.16046],[23.7714,55.16345],[23.77023,55.16106],[23.76803,55.16083],[23.77741,55.15849],[23.771,55.15869],[23.76961,55.15516],[23.76664,55.15477],[23.7601,55.15704],[23.75333,55.15705],[23.7522,55.15496],[23.7476,55.15685],[23.74603,55.15379],[23.7425,55.15686],[23.73377,55.15612],[23.73437,55.16328],[23.73096,55.16483],[23.7294,55.16338],[23.72485,55.16515],[23.72485,55.16359],[23.72161,55.1643],[23.7194,55.16933],[23.71918,55.17943],[23.7143,55.18074],[23.71314,55.17977],[23.71635,55.17827],[23.71316,55.1767],[23.71292,55.17639]]]}},{"type":"Feature","properties":{"code":"LYFF-0163","name":"Graumenos hidrografinis draustinis","nr":163,"osm_type":"relation","osm_id":4715645},"geometry":{"type":"Polygon","coordinates":[[[21.64169,55.55248],[21.65556,55.54811],[21.66011,55.54527],[21.65928,55.54363],[21.66754,55.54088],[21.67045,55.53898],[21.66968,55.53703],[21.67959,55.53129],[21.67998,55.526],[21.69081,55.52323],[21.69806,55.51607],[21.70714,55.51262],[21.71613,55.51188],[21.72756,55.5203],[21.73309,55.51872],[21.73911,55.52248],[21.72187,55.52692],[21.71148,55.5154],[21.70038,55.51669],[21.69431,55.52528],[21.69013,55.52558],[21.68209,55.53404],[21.66372,55.54424],[21.65951,55.54768],[21.66165,55.54903],[21.65985,55.55023],[21.65096,55.55127],[21.65028,55.55349],[21.6454,55.55465],[21.64172,55.55252],[21.64169,55.55248]]]}},{"type":"Feature","properties":{"code":"LYFF-0182","name":"Vilnios hidrografinis draustinis","nr":182,"osm_type":"relation","osm_id":7876905},"geometry":{"type":"Polygon","coordinates":[[[25.51456,54.70375],[25.55178,54.71608],[25.55701,54.72833],[25.5684,54.73168],[25.60409,54.71702],[25.61068,54.73129],[25.60733,54.74075],[25.55523,54.74957],[25.5317,54.72474],[25.52712,54.72735],[25.52179,54.71743],[25.52696,54.70991],[25.51474,54.70406],[25.51456,54.70375]]]}},{"type":"Feature","properties":{"code":"LYFF-0184","name":"Virvytės hidrografinis draustinis","nr":184,"osm_type":"relation","osm_id":7876915},"geometry":{"type":"Polygon","coordinates":[[[22.51147,56.01184],[22.53864,56.00295],[22.52505,56.00227],[22.52491,55.99907],[22.54463,56.00142],[22.53576,56.01155],[22.51939,56.01163],[22.52689,56.01297],[22.52953,56.02405],[22.55841,56.04334],[22.56288,56.04158],[22.56331,56.04695],[22.5676,56.04244],[22.56826,56.04608],[22.55359,56.04518],[22.51965,56.02354],[22.51392,56.01421],[22.51147,56.01184]]]}},{"type":"Feature","properties":{"code":"LYFF-0203","name":"Daugyvenės krastovaizdžio draustinis","nr":203,"osm_type":"node","osm_id":9050458989},"geometry":{"type":"Point","coordinates":[23.9018217,55.7823314]}},{"type":"Feature","properties":{"code":"LYFF-0206","name":"Gandingos krastovaizdžio draustinis","nr":206,"osm_type":"relation","osm_id":1359856},"geometry":{"type":"Polygon","coordinates":[[[21.75082,55.88253],[21.75747,55.88012],[21.77955,55.88431],[21.78019,55.88886],[21.7745,55.88996],[21.77531,55.89333],[21.78214,55.89312],[21.77895,55.89469],[21.78063,55.89609],[21.77728,55.89843],[21.77835,55.90031],[21.76851,55.90265],[21.77151,55.90798],[21.76879,55.91115],[21.77333,55.91277],[21.77154,55.91502],[21.76006,55.91157],[21.76581,55.90552],[21.76219,55.90031],[21.77026,55.89939],[21.76406,55.89704],[21.77186,55.89115],[21.76749,55.89119],[21.76567,55.88635],[21.75998,55.88305],[21.75107,55.8826],[21.75082,55.88253]]]}},{"type":"Feature","properties":{"code":"LYFF-0207","name":"Germanto krastovaizdžio draustinis","nr":207,"osm_type":"relation","osm_id":7876916},"geometry":{"type":"Polygon","coordinates":[[[22.11045,55.97576],[22.12904,55.97399],[22.12382,55.96711],[22.15064,55.96676],[22.19397,55.97588],[22.17981,55.97656],[22.16739,55.98556],[22.17906,55.9883],[22.1713,55.99206],[22.11988,55.98116],[22.11045,55.97576]]]}},{"type":"Feature","properties":{"code":"LYFF-0209","name":"Jiesios krastovaizdžio draustinis","nr":209,"osm_type":"way","osm_id":276074807},"geometry":{"type":"Polygon","coordinates":[[[23.92754,54.856],[23.93724,54.85342],[23.93734,54.84872],[23.94341,54.85078],[23.93962,54.85355],[23.94225,54.85389],[23.94158,54.85742],[23.93185,54.85913],[23.92757,54.85618],[23.92754,54.856]]]}},{"type":"Feature","properties":{"code":"LYFF-0211","name":"Karoliniškių krastovaizdžio draustinis","nr":211,"osm_type":"relation","osm_id":8724733},"geometry":{"type":"Polygon","coordinates":[[[25.21525,54.68591],[25.22014,54.68315],[25.22184,54.68391],[25.22177,54.68161],[25.22486,54.68219],[25.22502,54.68714],[25.23701,54.69252],[25.23782,54.69436],[25.23463,54.69413],[25.23642,54.69438],[25.23683,54.69605],[25.23564,54.69665],[25.23742,54.69723],[25.23623,54.69808],[25.23907,54.69705],[25.24241,54.70116],[25.24873,54.70288],[25.24715,54.70345],[25.24895,54.70532],[25.24747,54.70652],[25.23108,54.7007],[25.22951,54.69673],[25.22676,54.69504],[25.22777,54.69354],[25.22387,54.69339],[25.22231,54.69151],[25.21953,54.69227],[25.21969,54.68806],[25.21653,54.68767],[25.21535,54.68609],[25.21525,54.68591]]]}},{"type":"Feature","properties":{"code":"LYFF-0212","name":"Kazlų Rūdos krastovaizdžio draustinis","nr":212,"osm_type":"way","osm_id":833940760},"geometry":{"type":"Polygon","coordinates":[[[23.48844,54.82843],[23.51069,54.8227],[23.51236,54.82616],[23.5209,54.82238],[23.51709,54.82037],[23.52936,54.81585],[23.54562,54.83024],[23.54588,54.83462],[23.51245,54.84609],[23.49038,54.82981],[23.48844,54.82843]]]}},{"type":"Feature","properties":{"code":"LYFF-0215","name":"Laučynės krastovaizdžio draustinis","nr":215,"osm_type":"relation","osm_id":7876904},"geometry":{"type":"Polygon","coordinates":[[[23.66587,55.18783],[23.6703,55.18487],[23.6673,55.17985],[23.67532,55.18061],[23.67827,55.16605],[23.70248,55.16013],[23.69614,55.1812],[23.67884,55.18302],[23.68733,55.18984],[23.66613,55.18851],[23.66587,55.18783]]]}},{"type":"Feature","properties":{"code":"LYFF-0221","name":"Nevėžio krastovaizdžio draustinis","nr":221,"osm_type":"node","osm_id":7492142583},"geometry":{"type":"Point","coordinates":[23.78672,54.9464891]}},{"type":"Feature","properties":{"code":"LYFF-0224","name":"Plinkšių krastovaizdžio draustinis","nr":224,"osm_type":"relation","osm_id":7876917},"geometry":{"type":"Polygon","coordinates":[[[22.13479,56.1071],[22.14449,56.08759],[22.17579,56.1002],[22.19027,56.13222],[22.1728,56.13908],[22.17785,56.14388],[22.14846,56.14582],[22.14533,56.13615],[22.15775,56.13156],[22.14005,56.10653],[22.13479,56.1071]]]}},{"type":"Feature","properties":{"code":"LYFF-0226","name":"Ruškio krastovaizdžio draustinis","nr":226,"osm_type":"relation","osm_id":7876920},"geometry":{"type":"Polygon","coordinates":[[[22.17216,55.75344],[22.18841,55.74232],[22.1941,55.75029],[22.21914,55.74975],[22.19128,55.75732],[22.19423,55.76567],[22.1805,55.76589],[22.1885,55.77194],[22.18258,55.7754],[22.17277,55.75453],[22.17216,55.75344]]]}},{"type":"Feature","properties":{"code":"LYFF-0230","name":"Stemplių krastovaizdžio draustinis","nr":230,"osm_type":"node","osm_id":1067351618},"geometry":{"type":"Point","coordinates":[21.8181685,55.512733]}},{"type":"Feature","properties":{"code":"LYFF-0248","name":"Novaraisčio ornitologinis draustinis","nr":248,"osm_type":"way","osm_id":833944524},"geometry":{"type":"Polygon","coordinates":[[[23.37993,54.9396],[23.38962,54.9307],[23.41108,54.92753],[23.4242,54.93947],[23.43464,54.94381],[23.43324,54.94865],[23.42999,54.95043],[23.43506,54.95629],[23.40669,54.96264],[23.39485,54.95249],[23.37993,54.9396]]]}},{"type":"Feature","properties":{"code":"LYFF-0256","name":"Baltkojų pedologinis draustinis","nr":256,"osm_type":"way","osm_id":985471620},"geometry":{"type":"Polygon","coordinates":[[[22.9303,54.97734],[22.93986,54.97122],[22.9404,54.97113],[22.94124,54.97139],[22.95367,54.97519],[22.95735,54.97498],[22.95923,54.97826],[22.96174,54.98266],[22.94814,54.98391],[22.94575,54.97955],[22.93231,54.98082],[22.9303,54.97734]]]}},{"type":"Feature","properties":{"code":"LYFF-0261","name":"Sabališkės pedologinis draustinis","nr":261,"osm_type":"relation","osm_id":7876907},"geometry":{"type":"Polygon","coordinates":[[[23.92986,54.44538],[23.93104,54.4432],[23.93047,54.44294],[23.93343,54.44124],[23.93692,54.43739],[23.93801,54.43721],[23.94961,54.44557],[23.94077,54.45385],[23.92987,54.44603],[23.92999,54.44559],[23.92986,54.44538]]]}},{"type":"Feature","properties":{"code":"LYFF-0267","name":"Alionių telmologinis draustinis","nr":267,"osm_type":"relation","osm_id":10713040},"geometry":{"type":"Polygon","coordinates":[[[25.12302,55.03075],[25.12775,55.01575],[25.15317,55.01095],[25.14592,55.003],[25.21666,55.00436],[25.20702,55.01479],[25.21563,55.02734],[25.1911,55.03388],[25.1813,55.05042],[25.12307,55.03109],[25.12302,55.03075]]]}},{"type":"Feature","properties":{"code":"LYFF-0269","name":"Aukštojo tyro telmologinis draustinis","nr":269,"osm_type":"relation","osm_id":1147321},"geometry":{"type":"Polygon","coordinates":[[[21.75304,55.71636],[21.78543,55.71894],[21.78463,55.71342],[21.79148,55.71147],[21.81654,55.71495],[21.81901,55.74068],[21.79818,55.73482],[21.78561,55.73928],[21.75789,55.7259],[21.75304,55.71644],[21.75304,55.71636]]]}},{"type":"Feature","properties":{"code":"LYFF-0278","name":"Iženo telmologinis draustinis","nr":278,"osm_type":"relation","osm_id":7876913},"geometry":{"type":"Polygon","coordinates":[[[25.18323,55.73425],[25.187,55.7286],[25.20392,55.72973],[25.20229,55.72719],[25.20555,55.7262],[25.20098,55.72312],[25.20545,55.72112],[25.21643,55.7229],[25.23031,55.71809],[25.22442,55.72382],[25.22844,55.72293],[25.22642,55.72605],[25.21694,55.72877],[25.21531,55.73663],[25.20793,55.74073],[25.19779,55.74068],[25.18612,55.73495],[25.18323,55.73425]]]}},{"type":"Feature","properties":{"code":"LYFF-0310","name":"Kernavės Valstybinis kultūrinis rezervatas","nr":310,"osm_type":"relation","osm_id":8285038},"geometry":{"type":"Polygon","coordinates":[[[24.81881,54.88354],[24.83209,54.88582],[24.83643,54.88027],[24.8467,54.87871],[24.84834,54.86995],[24.85348,54.87374],[24.86094,54.87226],[24.86606,54.87729],[24.86281,54.87881],[24.86971,54.88347],[24.86598,54.88523],[24.85899,54.88094],[24.8536,54.88473],[24.82849,54.88745],[24.81934,54.88373],[24.81881,54.88354]],[[24.84766,54.8778],[24.84854,54.87837],[24.84825,54.87854],[24.84942,54.87911],[24.84995,54.87853],[24.85025,54.87803],[24.84915,54.87743],[24.84812,54.8773],[24.84766,54.8778]]]}},{"type":"Feature","properties":{"code":"LYFF-0043","name":"Druskininkų botaninis draustinis","nr":43,"osm_type":"node","osm_id":13144702180,"matched_via":"simplified","query":"Druskininkų draustinis"},"geometry":{"type":"Point","coordinates":[23.9046849,54.1837765]}},{"type":"Feature","properties":{"code":"LYFF-0056","name":"Medininkų botaninis draustinis","nr":56,"osm_type":"node","osm_id":5697308517,"matched_via":"simplified","query":"Medininkų draustinis"},"geometry":{"type":"Point","coordinates":[25.6260757,54.5270828]}},{"type":"Feature","properties":{"code":"LYFF-0150","name":"Kučiuliškės herpetologinis draustinis","nr":150,"osm_type":"node","osm_id":13144702180,"matched_via":"simplified","query":"Kučiuliškės draustinis"},"geometry":{"type":"Point","coordinates":[23.9046849,54.1837765]}},{"type":"Feature","properties":{"code":"LYFF-0152","name":"Aitros hidrografinis draustinis","nr":152,"osm_type":"relation","osm_id":1147323,"matched_via":"simplified","query":"Aitros draustinis"},"geometry":{"type":"Polygon","coordinates":[[[21.94135,55.59537],[21.94341,55.59176],[21.94727,55.59345],[21.94639,55.59719],[21.95484,55.60238],[21.95526,55.60606],[21.97121,55.61193],[21.97909,55.61112],[21.99385,55.61562],[21.99765,55.61943],[21.95381,55.60807],[21.95025,55.60082],[21.94146,55.59574],[21.94135,55.59537]]]}},{"type":"Feature","properties":{"code":"LYFF-0159","name":"Daugyvenės hidrografinis draustinis","nr":159,"osm_type":"node","osm_id":9050458989,"matched_via":"simplified","query":"Daugyvenės draustinis"},"geometry":{"type":"Point","coordinates":[23.9018217,55.7823314]}},{"type":"Feature","properties":{"code":"LYFF-0191","name":"Minijos ichtiologinis draustinis","nr":191,"osm_type":"relation","osm_id":1945080,"matched_via":"simplified","query":"Minijos draustinis"},"geometry":{"type":"Polygon","coordinates":[[[22.0863,55.83288],[22.10432,55.83465],[22.1014,55.84018],[22.10593,55.84297],[22.11664,55.83885],[22.12472,55.84316],[22.13013,55.83731],[22.14851,55.83965],[22.15563,55.8324],[22.18379,55.8374],[22.16543,55.83904],[22.1548,55.84458],[22.15707,55.8507],[22.1287,55.85338],[22.10974,55.84331],[22.10245,55.84487],[22.08766,55.83378],[22.0863,55.83288]]]}},{"type":"Feature","properties":{"code":"LYFF-0201","name":"Kunigiškės  krastovaizdžio draustinis (buvo Cirkliškio)","nr":201,"osm_type":"relation","osm_id":7876912,"matched_via":"simplified","query":"Kunigiškės draustinis"},"geometry":{"type":"Polygon","coordinates":[[[26.06996,55.08763],[26.07189,55.08095],[26.08102,55.08093],[26.13918,55.09278],[26.14219,55.09769],[26.13134,55.11326],[26.08205,55.09963],[26.07257,55.09147],[26.07816,55.09061],[26.07022,55.08846],[26.06996,55.08763]]]}},{"type":"Feature","properties":{"code":"LYFF-0219","name":"Minijos pralaužos krastovaizdžio draustinis","nr":219,"osm_type":"relation","osm_id":1945080,"matched_via":"simplified","query":"Minijos draustinis"},"geometry":{"type":"Polygon","coordinates":[[[22.0863,55.83288],[22.10432,55.83465],[22.1014,55.84018],[22.10593,55.84297],[22.11664,55.83885],[22.12472,55.84316],[22.13013,55.83731],[22.14851,55.83965],[22.15563,55.8324],[22.18379,55.8374],[22.16543,55.83904],[22.1548,55.84458],[22.15707,55.8507],[22.1287,55.85338],[22.10974,55.84331],[22.10245,55.84487],[22.08766,55.83378],[22.0863,55.83288]]]}},{"type":"Feature","properties":{"code":"LYFF-0220","name":"Minijos senslėnio krastovaizdžio draustinis","nr":220,"osm_type":"relation","osm_id":1945080,"matched_via":"simplified","query":"Minijos draustinis"},"geometry":{"type":"Polygon","coordinates":[[[22.0863,55.83288],[22.10432,55.83465],[22.1014,55.84018],[22.10593,55.84297],[22.11664,55.83885],[22.12472,55.84316],[22.13013,55.83731],[22.14851,55.83965],[22.15563,55.8324],[22.18379,55.8374],[22.16543,55.83904],[22.1548,55.84458],[22.15707,55.8507],[22.1287,55.85338],[22.10974,55.84331],[22.10245,55.84487],[22.08766,55.83378],[22.0863,55.83288]]]}},{"type":"Feature","properties":{"code":"LYFF-0019","name":"Nemuno kilpų regioninis parkas","nr":19,"cdda_id":62286,"national_id":"0700000000024","founded":1992,"source":"cdda","matched_via":"exact"},"geometry":{"type":"Polygon","coordinates":[[[24.15306,54.68584],[24.06901,54.67293],[24.02888,54.68437],[24.04111,54.67525],[24.02717,54.67316],[24.02662,54.66093],[24.01738,54.67362],[23.98715,54.66413],[24.02063,54.66275],[24.01329,54.65912],[24.05295,54.64407],[24.04369,54.6409],[23.95073,54.66141],[23.93706,54.65008],[23.969,54.65129],[23.94507,54.62946],[23.9627,54.61483],[23.92605,54.62322],[23.84827,54.5975],[23.90935,54.57376],[23.87038,54.56875],[23.86542,54.55277],[23.87951,54.54095],[23.85773,54.53531],[23.92024,54.51472],[23.93173,54.49067],[23.94947,54.49837],[24.01125,54.47448],[23.99579,54.48842],[24.02069,54.50532],[24.04456,54.50765],[24.04999,54.48007],[24.06995,54.48627],[24.06865,54.50285],[24.11543,54.4982],[24.10441,54.50408],[24.10925,54.52849],[24.17236,54.54105],[24.14484,54.54656],[24.13629,54.5677],[24.03528,54.56475],[24.0327,54.57942],[24.01471,54.58684],[24.0187,54.59734],[24.04713,54.58705],[24.08038,54.60613],[24.09803,54.58841],[24.08385,54.58406],[24.12438,54.58056],[24.10154,54.59995],[24.11803,54.59975],[24.11241,54.60838],[24.06941,54.61282],[24.07065,54.62584],[24.10201,54.63797],[24.14008,54.61466],[24.12461,54.6336],[24.16215,54.65],[24.14113,54.66414],[24.1531,54.68578],[24.15306,54.68584]]]}},{"type":"Feature","properties":{"code":"LYFF-0040","name":"Ąžuolų botaninis draustinis","nr":40,"cdda_id":179091,"national_id":"0210500000025","founded":1992,"source":"cdda","matched_via":"exact"},"geometry":{"type":"Polygon","coordinates":[[[23.82313,54.53071],[23.81876,54.52029],[23.82198,54.52066],[23.82704,54.51144],[23.81571,54.51037],[23.82311,54.50569],[23.84392,54.50794],[23.83986,54.52015],[23.82337,54.53057],[23.82313,54.53071]]]}},{"type":"Feature","properties":{"code":"LYFF-0041","name":"Balkasodžio botaninis draustinis","nr":41,"cdda_id":179092,"national_id":"0210500000027","founded":1992,"source":"cdda","matched_via":"exact"},"geometry":{"type":"Polygon","coordinates":[[[23.99162,54.30276],[23.98129,54.3073],[23.97171,54.29307],[23.97992,54.29177],[23.98714,54.27778],[23.99704,54.27775],[23.98714,54.29486],[23.99137,54.30263],[23.99162,54.30276]]]}},{"type":"Feature","properties":{"code":"LYFF-0042","name":"Biržų girios botaninis draustinis","nr":42,"cdda_id":179093,"national_id":"0210500000003","founded":1992,"source":"cdda","matched_via":"exact"},"geometry":{"type":"Polygon","coordinates":[[[24.97536,56.24767],[24.96311,56.25999],[24.94782,56.25529],[24.94756,56.25463],[24.94946,56.25247],[24.95466,56.25054],[24.95622,56.24916],[24.96221,56.24799],[24.96654,56.24501],[24.97244,56.24678],[24.97536,56.24767]]]}},{"type":"Feature","properties":{"code":"LYFF-0044","name":"Gelednės botaninis draustinis","nr":44,"cdda_id":179097,"national_id":"0210500000020","founded":1988,"source":"cdda","matched_via":"exact"},"geometry":{"type":"Polygon","coordinates":[[[26.04311,54.94251],[26.05912,54.95314],[26.05575,54.97423],[26.03683,54.9752],[26.02845,54.96819],[26.02625,54.95518],[26.03756,54.95447],[26.03565,54.94281],[26.04234,54.94251],[26.04311,54.94251]]]}},{"type":"Feature","properties":{"code":"LYFF-0045","name":"Gykių botaninis draustinis","nr":45,"cdda_id":179096,"national_id":"0210500000010","founded":1974,"source":"cdda","matched_via":"exact"},"geometry":{"type":"Polygon","coordinates":[[[25.35974,55.72767],[25.35973,55.72272],[25.3633,55.7194],[25.36653,55.72002],[25.36726,55.7229],[25.38096,55.72633],[25.37973,55.72967],[25.37366,55.73123],[25.35982,55.72776],[25.35974,55.72767]]]}},{"type":"Feature","properties":{"code":"LYFF-0046","name":"Ilgučio botaninis draustinis","nr":46,"cdda_id":179098,"national_id":"0210500000023","founded":1960,"source":"cdda","matched_via":"exact"},"geometry":{"type":"Polygon","coordinates":[[[24.89664,54.54641],[24.89815,54.54429],[24.90581,54.54307],[24.90622,54.54413],[24.90503,54.54538],[24.9058,54.54613],[24.90964,54.54567],[24.91033,54.5471],[24.91449,54.55019],[24.90497,54.55164],[24.89655,54.54666],[24.89664,54.54641]]]}},{"type":"Feature","properties":{"code":"LYFF-0047","name":"Jūros botaninis draustinis","nr":47,"cdda_id":179099,"national_id":"0210500000016","founded":1974,"source":"cdda","matched_via":"exact"},"geometry":{"type":"Polygon","coordinates":[[[22.04511,55.39447],[22.04553,55.39503],[22.04052,55.39393],[22.03857,55.39431],[22.03559,55.39216],[22.03303,55.39224],[22.02255,55.39491],[22.0206,55.39645],[22.0183,55.39714],[22.0159,55.39734],[22.01623,55.39647],[22.01568,55.3964],[22.011,55.39812],[22.0125,55.39957],[22.01038,55.39838],[22.01535,55.39625],[22.01966,55.39604],[22.02301,55.39381],[22.02831,55.39323],[22.03309,55.39179],[22.03643,55.39196],[22.03987,55.39341],[22.04298,55.39297],[22.04508,55.39431],[22.04511,55.39447]]]}},{"type":"Feature","properties":{"code":"LYFF-0049","name":"Kražių Medžiokalnio botaninis draustinis","nr":49,"cdda_id":179101,"national_id":"0210500000012","founded":1960,"source":"cdda","matched_via":"exact"},"geometry":{"type":"Polygon","coordinates":[[[22.68921,55.61808],[22.68769,55.61579],[22.69067,55.61304],[22.69294,55.61006],[22.69476,55.6094],[22.69608,55.60945],[22.70029,55.61127],[22.70427,55.61514],[22.70641,55.61804],[22.69121,55.6186],[22.68921,55.61808]]]}},{"type":"Feature","properties":{"code":"LYFF-0050","name":"Lapainios botaninis draustinis","nr":50,"cdda_id":179102,"national_id":"0210500000022","founded":1992,"source":"cdda","matched_via":"exact"},"geometry":{"type":"Polygon","coordinates":[[[24.18831,54.73045],[24.19728,54.7326],[24.19817,54.73173],[24.21302,54.73265],[24.20618,54.73347],[24.20591,54.73422],[24.20329,54.73435],[24.20221,54.73321],[24.20131,54.73449],[24.20066,54.73357],[24.19857,54.73424],[24.19756,54.73593],[24.19683,54.73553],[24.19732,54.73409],[24.19618,54.7338],[24.1877,54.73967],[24.18388,54.73683],[24.17569,54.74176],[24.17608,54.74326],[24.1719,54.74453],[24.17079,54.74704],[24.16881,54.74703],[24.16843,54.74815],[24.17068,54.74864],[24.16472,54.7496],[24.1654,54.7461],[24.16463,54.74489],[24.16836,54.7425],[24.17084,54.73836],[24.17411,54.73991],[24.17733,54.73793],[24.17615,54.73577],[24.17755,54.7341],[24.17767,54.73625],[24.18199,54.7347],[24.18082,54.73275],[24.17746,54.7331],[24.17796,54.73197],[24.1764,54.73092],[24.17864,54.71915],[24.18079,54.71992],[24.18142,54.71846],[24.18034,54.71805],[24.18193,54.71852],[24.18212,54.7206],[24.18422,54.72144],[24.18305,54.72249],[24.18419,54.72503],[24.18614,54.72368],[24.18755,54.72512],[24.19066,54.72518],[24.18988,54.72634],[24.1874,54.7262],[24.18748,54.72888],[24.18873,54.7292],[24.18946,54.72825],[24.19058,54.72897],[24.19391,54.7276],[24.18831,54.73028],[24.18831,54.73045]]]}},{"type":"Feature","properties":{"code":"LYFF-0051","name":"Lapgirių botaninis draustinis","nr":51,"cdda_id":179103,"national_id":"0210500000017","founded":1992,"source":"cdda","matched_via":"exact"},"geometry":{"type":"Polygon","coordinates":[[[22.84463,55.25378],[22.84552,55.26072],[22.84207,55.26159],[22.83277,55.25877],[22.82733,55.26122],[22.82044,55.25912],[22.8215,55.2519],[22.83852,55.25275],[22.8389,55.25138],[22.84329,55.25322],[22.84463,55.25378]]]}},{"type":"Feature","properties":{"code":"LYFF-0052","name":"Latvelių botaninis draustinis","nr":52,"cdda_id":179104,"national_id":"0210500000002","founded":1992,"source":"cdda","matched_via":"exact"},"geometry":{"type":"Polygon","coordinates":[[[24.8287,56.33883],[24.83759,56.34157],[24.84171,56.3428],[24.83896,56.34562],[24.83326,56.3514],[24.82157,56.34789],[24.82647,56.34091],[24.82418,56.33981],[24.82669,56.33854],[24.82799,56.33928],[24.8287,56.33883]]]}},{"type":"Feature","properties":{"code":"LYFF-0053","name":"Laumekių botaninis draustinis","nr":53,"cdda_id":179105,"national_id":"0210500000004","founded":1992,"source":"cdda","matched_via":"exact"},"geometry":{"type":"Polygon","coordinates":[[[23.87899,56.23415],[23.86962,56.23382],[23.86994,56.23129],[23.87061,56.2261],[23.87178,56.22677],[23.87638,56.22766],[23.88034,56.22842],[23.88002,56.22974],[23.87944,56.2323],[23.87917,56.2334],[23.87899,56.23415]]]}},{"type":"Feature","properties":{"code":"LYFF-0054","name":"Lepšynės botaninis draustinis","nr":54,"cdda_id":179106,"national_id":"0210500000006","founded":1992,"source":"cdda","matched_via":"exact"},"geometry":{"type":"Polygon","coordinates":[[[24.20857,55.9913],[24.21524,55.98822],[24.21161,55.98582],[24.2172,55.98633],[24.22013,55.98025],[24.22898,55.98001],[24.23322,55.9824],[24.23252,55.9958],[24.21746,55.99712],[24.20865,55.99136],[24.20857,55.9913]]]}},{"type":"Feature","properties":{"code":"LYFF-0055","name":"Lužijos botaninis draustinis","nr":55,"cdda_id":179107,"national_id":"0210500000031","founded":1998,"source":"cdda","matched_via":"exact"},"geometry":{"type":"Polygon","coordinates":[[[21.17605,55.60727],[21.17103,55.60683],[21.17234,55.6028],[21.17408,55.59972],[21.1738,55.59919],[21.17443,55.59852],[21.17444,55.59747],[21.17508,55.59699],[21.17499,55.59503],[21.17718,55.59431],[21.17692,55.59347],[21.17774,55.593],[21.17817,55.59213],[21.17789,55.59155],[21.17848,55.5912],[21.17799,55.59065],[21.17986,55.58947],[21.17933,55.58907],[21.18053,55.58859],[21.18203,55.58559],[21.18547,55.58363],[21.18688,55.58406],[21.18594,55.58573],[21.183,55.58894],[21.18288,55.59122],[21.18135,55.592],[21.18124,55.5938],[21.178,55.59954],[21.17626,55.60628],[21.17605,55.60727]]]}},{"type":"Feature","properties":{"code":"LYFF-0057","name":"Naudvario botaninis draustinis","nr":57,"cdda_id":179109,"national_id":"0210500000009","founded":1988,"source":"cdda","matched_via":"exact"},"geometry":{"type":"Polygon","coordinates":[[[24.03739,55.75546],[24.02772,55.75625],[24.027,55.75367],[24.02798,55.75307],[24.02892,55.75143],[24.03025,55.75155],[24.03089,55.75043],[24.03598,55.75048],[24.0461,55.74963],[24.04766,55.75464],[24.03739,55.75546]]]}},{"type":"Feature","properties":{"code":"LYFF-0058","name":"Norkaičių botaninis draustinis","nr":58,"cdda_id":179110,"national_id":"0210500000015","founded":1960,"source":"cdda","matched_via":"exact"},"geometry":{"type":"Polygon","coordinates":[[[21.52512,55.45789],[21.51881,55.45066],[21.51839,55.44491],[21.51612,55.44481],[21.52088,55.43959],[21.5271,55.44022],[21.52428,55.44279],[21.52505,55.44589],[21.53357,55.44284],[21.53502,55.43962],[21.53327,55.43775],[21.57185,55.44266],[21.55912,55.44692],[21.55808,55.44868],[21.56229,55.45135],[21.55857,55.45426],[21.56101,55.45675],[21.55886,55.45851],[21.5479,55.46007],[21.53513,55.45513],[21.53148,55.4571],[21.53473,55.45922],[21.52509,55.458],[21.52512,55.45789]]]}},{"type":"Feature","properties":{"code":"LYFF-0060","name":"Paštuvos botaninis draustinis","nr":60,"cdda_id":179112,"national_id":"0210500000019","founded":1992,"source":"cdda","matched_via":"exact"},"geometry":{"type":"Polygon","coordinates":[[[23.58818,55.03197],[23.59339,55.02425],[23.59237,55.01643],[23.59551,55.00754],[23.61717,55.00866],[23.60716,55.02178],[23.60083,55.0216],[23.60044,55.02922],[23.59681,55.0326],[23.58872,55.03218],[23.58818,55.03197]]]}},{"type":"Feature","properties":{"code":"LYFF-0064","name":"Smeltės botaninis draustinis","nr":64,"cdda_id":179117,"national_id":"0210500000011","founded":1988,"source":"cdda","matched_via":"exact"},"geometry":{"type":"Polygon","coordinates":[[[21.15137,55.65441],[21.14738,55.66113],[21.14708,55.66107],[21.14914,55.65765],[21.14882,55.65718],[21.15179,55.6523],[21.15243,55.65244],[21.15143,55.65441],[21.15137,55.65441]]]}},{"type":"Feature","properties":{"code":"LYFF-0065","name":"Strazdynės botaninis draustinis","nr":65,"cdda_id":179118,"national_id":"0210500000013","founded":1992,"source":"cdda","matched_via":"exact"},"geometry":{"type":"Polygon","coordinates":[[[23.73272,55.57044],[23.71691,55.56618],[23.71955,55.56281],[23.73438,55.54302],[23.73622,55.54412],[23.73729,55.54503],[23.74357,55.54613],[23.73038,55.56362],[23.72897,55.56573],[23.73381,55.569],[23.73272,55.57044]]]}},{"type":"Feature","properties":{"code":"LYFF-0066","name":"Šilinės botaninis draustinis","nr":66,"cdda_id":179119,"national_id":"0210500000028","founded":1988,"source":"cdda","matched_via":"exact"},"geometry":{"type":"Polygon","coordinates":[[[25.74046,54.27131],[25.73152,54.27443],[25.73169,54.27008],[25.72388,54.2669],[25.73294,54.26356],[25.7304,54.26115],[25.75147,54.26216],[25.74639,54.26594],[25.75078,54.26818],[25.74126,54.27175],[25.74046,54.27131]]]}},{"type":"Feature","properties":{"code":"LYFF-0068","name":"Upninkų botaninis draustinis","nr":68,"cdda_id":179121,"national_id":"0210500000018","founded":1992,"source":"cdda","matched_via":"exact"},"geometry":{"type":"Polygon","coordinates":[[[24.45743,55.08508],[24.46198,55.08394],[24.47053,55.08603],[24.48295,55.08377],[24.49023,55.08581],[24.49989,55.08508],[24.50283,55.08811],[24.52351,55.09015],[24.52659,55.09213],[24.52621,55.09304],[24.51085,55.08997],[24.50352,55.09071],[24.49874,55.08943],[24.49533,55.08981],[24.49358,55.08763],[24.48737,55.08788],[24.48441,55.08591],[24.47396,55.08631],[24.47241,55.08761],[24.45777,55.08524],[24.45743,55.08508]]]}},{"type":"Feature","properties":{"code":"LYFF-0069","name":"Vidzgirio botaninis draustinis","nr":69,"cdda_id":179122,"national_id":"0210500000026","founded":1960,"source":"cdda","matched_via":"exact"},"geometry":{"type":"Polygon","coordinates":[[[24.0086,54.38655],[24.00351,54.3856],[24.0016,54.38164],[23.99668,54.37842],[23.99857,54.37525],[24.00684,54.37062],[24.00741,54.37492],[24.01214,54.37796],[24.02843,54.37814],[24.04069,54.3744],[24.05505,54.36698],[24.06513,54.37658],[24.05574,54.37669],[24.05421,54.37506],[24.042,54.38072],[24.04419,54.38398],[24.04136,54.38465],[24.00964,54.38652],[24.0086,54.38655]]]}},{"type":"Feature","properties":{"code":"LYFF-0070","name":"Vilko botaninis draustinis","nr":70,"cdda_id":179123,"national_id":"0210500000029","founded":1960,"source":"cdda","matched_via":"exact"},"geometry":{"type":"Polygon","coordinates":[[[23.80586,54.13505],[23.80571,54.13232],[23.79994,54.1302],[23.79917,54.12688],[23.80204,54.12363],[23.8021,54.12096],[23.80498,54.11849],[23.80825,54.11664],[23.81182,54.1169],[23.81566,54.11927],[23.81273,54.12169],[23.81174,54.12472],[23.8096,54.12536],[23.81071,54.1313],[23.80879,54.13558],[23.80931,54.13726],[23.80597,54.13534],[23.80586,54.13505]]]}},{"type":"Feature","properties":{"code":"LYFF-0071","name":"Viržonų botaninis draustinis","nr":71,"cdda_id":179124,"national_id":"0210500000030","founded":1992,"source":"cdda","matched_via":"exact"},"geometry":{"type":"Polygon","coordinates":[[[24.04931,55.59014],[24.03836,55.59477],[24.03897,55.59082],[24.0369,55.59135],[24.03495,55.58915],[24.03625,55.5876],[24.03762,55.58908],[24.04149,55.58811],[24.04939,55.58992],[24.04931,55.59014]]]}},{"type":"Feature","properties":{"code":"LYFF-0073","name":"Bugiedos botaninis-zoologinis draustinis","nr":73,"cdda_id":396146,"national_id":"0210700000089","founded":2011,"source":"cdda","matched_via":"exact"},"geometry":{"type":"Polygon","coordinates":[[[23.81275,53.94325],[23.81786,53.94606],[23.82025,53.94856],[23.81921,53.94908],[23.81427,53.94521],[23.8077,53.94355],[23.80737,53.94241],[23.80832,53.94163],[23.81202,53.94293],[23.81275,53.94325]]]}},{"type":"Feature","properties":{"code":"LYFF-0074","name":"Būdos botaninis-zoologinis draustinis","nr":74,"cdda_id":179125,"national_id":"0210700000008","founded":1992,"source":"cdda","matched_via":"exact"},"geometry":{"type":"Polygon","coordinates":[[[24.34321,54.89575],[24.34548,54.87249],[24.36393,54.86737],[24.37999,54.86666],[24.37699,54.87287],[24.37868,54.87566],[24.37218,54.87669],[24.39357,54.88959],[24.36377,54.90109],[24.34932,54.89753],[24.34321,54.89575]]]}},{"type":"Feature","properties":{"code":"LYFF-0076","name":"Gemeliškio botaninis-zoologinis draustinis","nr":76,"cdda_id":396156,"national_id":"0210700000090","founded":2011,"source":"cdda","matched_via":"exact"},"geometry":{"type":"Polygon","coordinates":[[[24.99274,55.16721],[24.99068,55.1677],[24.98778,55.16632],[24.99098,55.16474],[24.99235,55.16528],[24.99142,55.16585],[24.99327,55.16594],[24.99242,55.16655],[24.99391,55.16614],[24.99273,55.1671],[24.99274,55.16721]]]}},{"type":"Feature","properties":{"code":"LYFF-0077","name":"Kamšos botaninis-zoologinis draustinis","nr":77,"cdda_id":179128,"national_id":"0210700000015","founded":1960,"source":"cdda","matched_via":"exact"},"geometry":{"type":"Polygon","coordinates":[[[23.85064,54.89785],[23.85347,54.8915],[23.85263,54.89595],[23.85644,54.89787],[23.85782,54.89205],[23.86119,54.89076],[23.86059,54.88952],[23.85982,54.89777],[23.86332,54.89726],[23.86326,54.89402],[23.86754,54.8899],[23.86607,54.88357],[23.86798,54.88026],[23.87019,54.88065],[23.86913,54.88307],[23.87068,54.88706],[23.87725,54.88435],[23.8738,54.88829],[23.86867,54.88931],[23.86405,54.89475],[23.8645,54.89771],[23.83984,54.89917],[23.79787,54.90946],[23.7943,54.90664],[23.78536,54.90463],[23.78505,54.90201],[23.78069,54.89906],[23.78287,54.8947],[23.78159,54.89303],[23.78329,54.89219],[23.79478,54.8938],[23.7953,54.8958],[23.80083,54.89827],[23.79967,54.90536],[23.80227,54.90658],[23.80497,54.9051],[23.80325,54.90316],[23.80832,54.90452],[23.80454,54.90076],[23.81251,54.90386],[23.81282,54.90114],[23.8181,54.90233],[23.81613,54.90018],[23.81973,54.90083],[23.82196,54.89893],[23.81836,54.89724],[23.82197,54.89654],[23.82472,54.90016],[23.82618,54.89658],[23.83164,54.89691],[23.82837,54.89345],[23.83547,54.89501],[23.83868,54.8986],[23.83978,54.89595],[23.84295,54.89505],[23.83718,54.89308],[23.84007,54.89276],[23.83991,54.89104],[23.84625,54.89255],[23.85001,54.89689],[23.85064,54.89785]]]}},{"type":"Feature","properties":{"code":"LYFF-0078","name":"Kaukinės botaninis-zoologinis draustinis","nr":78,"cdda_id":62332,"national_id":"0210700000009","founded":1992,"source":"cdda","matched_via":"exact"},"geometry":{"type":"Polygon","coordinates":[[[24.48862,54.71295],[24.48909,54.71349],[24.49056,54.71621],[24.50134,54.712],[24.50244,54.71327],[24.5,54.71488],[24.50127,54.71678],[24.50193,54.71959],[24.50165,54.71977],[24.50163,54.71991],[24.50206,54.72011],[24.50269,54.72064],[24.50374,54.72194],[24.50318,54.72417],[24.50439,54.72604],[24.50548,54.72722],[24.50386,54.72912],[24.49273,54.72617],[24.49288,54.72804],[24.46355,54.72669],[24.45849,54.72368],[24.45226,54.72357],[24.45016,54.72423],[24.43437,54.72294],[24.43526,54.72167],[24.43342,54.72124],[24.4338,54.72061],[24.4335,54.7205],[24.4332,54.72018],[24.43276,54.72001],[24.43193,54.72024],[24.43051,54.71915],[24.43035,54.71882],[24.43029,54.71833],[24.43008,54.71794],[24.42978,54.7178],[24.42947,54.71748],[24.42886,54.71632],[24.42796,54.71562],[24.42792,54.71514],[24.4275,54.714],[24.42722,54.71293],[24.42613,54.71156],[24.42528,54.71101],[24.42498,54.71026],[24.43834,54.70946],[24.46553,54.69801],[24.46926,54.69884],[24.47151,54.69896],[24.4744,54.69586],[24.47562,54.69577],[24.47885,54.69426],[24.47965,54.69378],[24.48065,54.69341],[24.48419,54.70005],[24.49722,54.70145],[24.4896,54.70442],[24.48806,54.70866],[24.48716,54.71036],[24.48842,54.71272],[24.48862,54.71295]]]}},{"type":"Feature","properties":{"code":"LYFF-0079","name":"Laumenio botaninis-zoologinis draustinis","nr":79,"cdda_id":179129,"national_id":"0210700000003","founded":1992,"source":"cdda","matched_via":"exact"},"geometry":{"type":"Polygon","coordinates":[[[24.05759,56.19648],[24.05383,56.19132],[24.02938,56.19025],[24.03689,56.18303],[24.03437,56.17743],[24.04412,56.17632],[24.03593,56.16426],[24.0686,56.16095],[24.06268,56.17327],[24.0748,56.17578],[24.06149,56.18394],[24.06794,56.19445],[24.06,56.19603],[24.05759,56.19648]]]}},{"type":"Feature","properties":{"code":"LYFF-0081","name":"Liepiškių botaninis-zoologinis draustinis","nr":81,"cdda_id":145441,"national_id":"0210700000007","founded":1992,"source":"cdda","matched_via":"exact"},"geometry":{"type":"Polygon","coordinates":[[[23.34231,55.72166],[23.339,55.72228],[23.32727,55.71606],[23.32904,55.712],[23.32445,55.70944],[23.32557,55.7071],[23.32302,55.70287],[23.33673,55.70358],[23.34434,55.70747],[23.34237,55.72159],[23.34231,55.72166]]]}},{"type":"Feature","properties":{"code":"LYFF-0082","name":"Margininkų botaninis-zoologinis draustinis","nr":82,"cdda_id":62336,"national_id":"0210700000002","founded":1992,"source":"cdda","matched_via":"exact"},"geometry":{"type":"Polygon","coordinates":[[[21.2283,56.14605],[21.24241,56.14292],[21.23702,56.13655],[21.25907,56.13221],[21.26301,56.13841],[21.26052,56.13912],[21.26541,56.14653],[21.27961,56.15274],[21.28062,56.15665],[21.28247,56.15791],[21.28487,56.1573],[21.29057,56.1646],[21.30855,56.17093],[21.31278,56.1771],[21.31308,56.17994],[21.28719,56.18532],[21.28581,56.1866],[21.28249,56.18488],[21.28147,56.18249],[21.28308,56.17965],[21.27814,56.18011],[21.27988,56.17889],[21.27858,56.17765],[21.27933,56.17455],[21.27464,56.17469],[21.27564,56.17377],[21.27317,56.17143],[21.26839,56.17191],[21.26727,56.17081],[21.26849,56.16933],[21.25997,56.16749],[21.26026,56.16882],[21.25878,56.16902],[21.25529,56.16543],[21.24858,56.1662],[21.24865,56.16466],[21.24683,56.16403],[21.24369,56.16464],[21.24134,56.16295],[21.2396,56.16367],[21.23824,56.16349],[21.23875,56.16258],[21.23712,56.16329],[21.23082,56.16234],[21.2309,56.16111],[21.22924,56.16091],[21.23001,56.16009],[21.22737,56.1592],[21.22748,56.15698],[21.22567,56.15646],[21.22755,56.1554],[21.22681,56.15398],[21.22897,56.15309],[21.22994,56.15066],[21.22857,56.15071],[21.22736,56.1496],[21.2278,56.14858],[21.22646,56.14836],[21.22696,56.14634],[21.22831,56.14607],[21.2283,56.14605]]]}},{"type":"Feature","properties":{"code":"LYFF-0083","name":"Meškų botaninis-zoologinis draustinis","nr":83,"cdda_id":396157,"national_id":"0210700000091","founded":2011,"source":"cdda","matched_via":"exact"},"geometry":{"type":"MultiPolygon","coordinates":[[[[22.33704,55.20242],[22.33254,55.20233],[22.3321,55.20132],[22.32983,55.20096],[22.33182,55.2007],[22.33314,55.19865],[22.34144,55.1947],[22.34422,55.19519],[22.33847,55.19867],[22.3348,55.1996],[22.33571,55.19985],[22.3347,55.20124],[22.33733,55.20237],[22.33704,55.20242]]],[[[22.34219,55.21317],[22.34242,55.21408],[22.33994,55.21511],[22.33976,55.21242],[22.34425,55.21109],[22.34068,55.20692],[22.34318,55.20483],[22.34838,55.20739],[22.34989,55.20956],[22.34218,55.21314],[22.34219,55.21317]]],[[[22.35334,55.21808],[22.34949,55.21733],[22.34415,55.21776],[22.33716,55.21679],[22.335,55.21612],[22.33457,55.2155],[22.33334,55.21477],[22.33324,55.21435],[22.33432,55.21412],[22.33369,55.21363],[22.33358,55.21268],[22.33278,55.21186],[22.33349,55.21102],[22.33078,55.21043],[22.33066,55.20959],[22.3254,55.20954],[22.32308,55.20979],[22.32243,55.20855],[22.32277,55.20816],[22.32273,55.20769],[22.3207,55.20553],[22.32212,55.20442],[22.32277,55.20423],[22.32813,55.20447],[22.32936,55.20427],[22.33009,55.2038],[22.33397,55.20485],[22.33338,55.20602],[22.33407,55.20751],[22.3361,55.20829],[22.3376,55.20838],[22.3376,55.20901],[22.33651,55.20957],[22.3359,55.21055],[22.33612,55.21122],[22.33732,55.21176],[22.33783,55.21239],[22.33739,55.21347],[22.33796,55.21471],[22.33522,55.21484],[22.33554,55.21533],[22.33798,55.2152],[22.33856,55.21629],[22.33956,55.21692],[22.34046,55.21699],[22.34196,55.21659],[22.34326,55.21703],[22.34582,55.21715],[22.3467,55.21681],[22.34709,55.21615],[22.34701,55.2151],[22.34821,55.21495],[22.34916,55.21441],[22.34905,55.21329],[22.34939,55.21273],[22.35365,55.21202],[22.35636,55.21298],[22.35601,55.21409],[22.35548,55.21481],[22.35621,55.21573],[22.35334,55.21808]]]]}},{"type":"Feature","properties":{"code":"LYFF-0084","name":"Paąžuolynės botaninis-zoologinis draustinis","nr":84,"cdda_id":396158,"national_id":"0210700000092","founded":2011,"source":"cdda","matched_via":"exact"},"geometry":{"type":"Polygon","coordinates":[[[24.49591,55.14268],[24.49004,55.14358],[24.48991,55.1421],[24.48777,55.14216],[24.48931,55.14033],[24.48721,55.13882],[24.49498,55.13627],[24.50863,55.13864],[24.50865,55.14169],[24.49784,55.14196],[24.49591,55.14268]]]}},{"type":"Feature","properties":{"code":"LYFF-0085","name":"Pelesos botaninis-zoologinis draustinis","nr":85,"cdda_id":396159,"national_id":"0210700000093","founded":2011,"source":"cdda","matched_via":"exact"},"geometry":{"type":"Polygon","coordinates":[[[24.76236,54.01376],[24.7466,54.01479],[24.74304,54.01186],[24.74837,54.01106],[24.74856,54.01307],[24.75524,54.00903],[24.76774,54.01049],[24.77218,54.01345],[24.78631,54.01283],[24.78713,54.0155],[24.79398,54.01733],[24.81026,54.01366],[24.81053,54.01739],[24.80793,54.01721],[24.80877,54.02265],[24.80304,54.02274],[24.8029,54.02583],[24.78346,54.01476],[24.76269,54.01362],[24.76236,54.01376]]]}},{"type":"Feature","properties":{"code":"LYFF-0086","name":"Praviršulio tyrelio botaninis-zoologinis draustinis","nr":86,"cdda_id":62337,"national_id":"0210700000012","founded":1969,"source":"cdda","matched_via":"exact"},"geometry":{"type":"Polygon","coordinates":[[[23.50479,55.57348],[23.50445,55.56902],[23.49937,55.57098],[23.49057,55.5648],[23.48517,55.56508],[23.48333,55.56165],[23.47126,55.56816],[23.46022,55.56825],[23.45955,55.56241],[23.4543,55.55634],[23.46044,55.55463],[23.45619,55.55033],[23.43593,55.54288],[23.42785,55.54407],[23.42119,55.53981],[23.41795,55.54143],[23.40917,55.53924],[23.41735,55.53701],[23.40508,55.53042],[23.41305,55.52623],[23.41111,55.52404],[23.41627,55.52439],[23.41129,55.52269],[23.40898,55.51646],[23.41553,55.5138],[23.41144,55.50542],[23.42192,55.50532],[23.44613,55.4986],[23.4601,55.49707],[23.45578,55.49639],[23.45402,55.49427],[23.45517,55.49211],[23.46688,55.48735],[23.47709,55.48677],[23.47765,55.49006],[23.47409,55.49178],[23.4744,55.49544],[23.4838,55.49588],[23.48566,55.50616],[23.47831,55.51191],[23.47822,55.51992],[23.48647,55.5227],[23.48825,55.5309],[23.49336,55.53335],[23.49757,55.53174],[23.50004,55.53543],[23.49874,55.53839],[23.50107,55.54602],[23.49758,55.55442],[23.49863,55.55844],[23.50235,55.56022],[23.51054,55.55809],[23.51957,55.55962],[23.51895,55.56402],[23.51495,55.5646],[23.5223,55.57428],[23.51033,55.57093],[23.5033,55.57797],[23.49948,55.57779],[23.50496,55.57373],[23.50479,55.57348]]]}},{"type":"Feature","properties":{"code":"LYFF-0089","name":"Svencelės pievų botaninis-zoologinis draustinis","nr":89,"cdda_id":330643,"national_id":"0210700000016","founded":2005,"source":"cdda","matched_via":"exact"},"geometry":{"type":"Polygon","coordinates":[[[21.24862,55.48002],[21.24926,55.47888],[21.24801,55.47818],[21.24866,55.47782],[21.24876,55.47657],[21.24986,55.47458],[21.24949,55.47313],[21.25002,55.47166],[21.25153,55.46956],[21.25052,55.46811],[21.25107,55.46641],[21.25696,55.46802],[21.25846,55.46788],[21.25395,55.47712],[21.25166,55.47889],[21.25168,55.47942],[21.2487,55.48009],[21.24862,55.48002]]]}},{"type":"Feature","properties":{"code":"LYFF-0090","name":"Tyrulių botaninis-zoologinis draustinis","nr":90,"cdda_id":179132,"national_id":"0210700000006","founded":1992,"source":"cdda","matched_via":"exact"},"geometry":{"type":"Polygon","coordinates":[[[23.24641,55.74],[23.22478,55.72199],[23.21462,55.70748],[23.22016,55.70616],[23.21625,55.70193],[23.22393,55.7016],[23.23675,55.71046],[23.25184,55.7161],[23.25762,55.72098],[23.3125,55.74474],[23.33151,55.76197],[23.32778,55.76967],[23.3358,55.77275],[23.33542,55.77428],[23.33856,55.7782],[23.34227,55.77857],[23.34911,55.78355],[23.34804,55.78714],[23.35675,55.78989],[23.36749,55.79903],[23.35703,55.80288],[23.36007,55.80707],[23.33816,55.81335],[23.33677,55.81273],[23.33167,55.814],[23.33236,55.81487],[23.33014,55.81554],[23.32602,55.81147],[23.3217,55.81237],[23.31868,55.80927],[23.31599,55.80847],[23.31665,55.80418],[23.31522,55.80366],[23.31428,55.80013],[23.3124,55.79956],[23.31099,55.7971],[23.30899,55.79718],[23.30752,55.79475],[23.3086,55.79401],[23.30558,55.79295],[23.28898,55.77703],[23.28483,55.77458],[23.28115,55.77621],[23.28172,55.77787],[23.28038,55.77821],[23.27651,55.77455],[23.2717,55.77195],[23.27523,55.77025],[23.26707,55.76397],[23.2634,55.75879],[23.25702,55.75587],[23.2564,55.75394],[23.25536,55.75377],[23.2558,55.75232],[23.25486,55.75144],[23.25565,55.75083],[23.24782,55.74426],[23.24725,55.74267],[23.24854,55.74185],[23.24744,55.74088],[23.24641,55.74]]]}},{"type":"Feature","properties":{"code":"LYFF-0091","name":"Virbalgirio botaninis-zoologinis draustinis","nr":91,"cdda_id":179133,"national_id":"0210700000010","founded":1960,"source":"cdda","matched_via":"exact"},"geometry":{"type":"Polygon","coordinates":[[[22.78307,54.60383],[22.82994,54.59291],[22.83582,54.59448],[22.83671,54.59699],[22.84592,54.59707],[22.84643,54.59774],[22.84333,54.59947],[22.82477,54.60345],[22.78789,54.61257],[22.78359,54.60481],[22.78307,54.60383]]]}},{"type":"Feature","properties":{"code":"LYFF-0092","name":"Žaliosios girios botaninis-zoologinis draustinis","nr":92,"cdda_id":62341,"national_id":"0210700000014","founded":1960,"source":"cdda","matched_via":"exact"},"geometry":{"type":"Polygon","coordinates":[[[24.50423,55.87021],[24.51197,55.84168],[24.49529,55.8403],[24.4967,55.83458],[24.4807,55.8289],[24.47634,55.82395],[24.4621,55.82186],[24.45374,55.81505],[24.45469,55.81143],[24.46943,55.81333],[24.47398,55.80084],[24.52868,55.80748],[24.53726,55.81157],[24.53483,55.82072],[24.55067,55.82685],[24.54828,55.83522],[24.56507,55.83671],[24.56236,55.84613],[24.57929,55.8476],[24.57493,55.86145],[24.56732,55.8638],[24.56959,55.8673],[24.56496,55.86664],[24.55531,55.86962],[24.55756,55.87406],[24.55431,55.87652],[24.55164,55.87451],[24.50422,55.87025],[24.50423,55.87021]]]}},{"type":"Feature","properties":{"code":"LYFF-0093","name":"Dukstynos entomologinis draustinis","nr":93,"cdda_id":179154,"national_id":"0210605000002","founded":1979,"source":"cdda","matched_via":"exact"},"geometry":{"type":"Polygon","coordinates":[[[24.83867,55.28592],[24.84921,55.27526],[24.8512,55.27689],[24.85154,55.27892],[24.85268,55.28045],[24.85259,55.28234],[24.85284,55.28266],[24.85054,55.28313],[24.84839,55.28398],[24.83996,55.28563],[24.83867,55.28592]]]}},{"type":"Feature","properties":{"code":"LYFF-0094","name":"Gerdašių entomologinis draustinis","nr":94,"cdda_id":179155,"national_id":"0210605000006","founded":1997,"source":"cdda","matched_via":"exact"},"geometry":{"type":"Polygon","coordinates":[[[23.87256,53.9463],[23.87471,53.94489],[23.88,53.94388],[23.88348,53.94388],[23.88703,53.94515],[23.88432,53.94517],[23.88377,53.94599],[23.8798,53.94535],[23.87503,53.94579],[23.87264,53.94643],[23.87256,53.9463]]]}},{"type":"Feature","properties":{"code":"LYFF-0095","name":"Kartenalės entomologinis draustinis","nr":95,"cdda_id":179156,"national_id":"0210605000001","founded":1992,"source":"cdda","matched_via":"exact"},"geometry":{"type":"Polygon","coordinates":[[[21.39456,55.85669],[21.39326,55.85324],[21.39339,55.85211],[21.39485,55.85176],[21.3949,55.8525],[21.39953,55.85182],[21.39766,55.85242],[21.40332,55.85636],[21.41532,55.85619],[21.4168,55.85372],[21.42441,55.85569],[21.4262,55.85522],[21.4262,55.85669],[21.41373,55.85851],[21.41865,55.86126],[21.42639,55.86242],[21.42047,55.86269],[21.42228,55.86506],[21.42019,55.86581],[21.42323,55.86864],[21.42999,55.86971],[21.43303,55.86837],[21.43346,55.8705],[21.42581,55.87025],[21.4255,55.87208],[21.42452,55.87025],[21.41738,55.86605],[21.41896,55.864],[21.41743,55.86193],[21.41004,55.85886],[21.40105,55.85826],[21.39744,55.85638],[21.39456,55.85669]]]}},{"type":"Feature","properties":{"code":"LYFF-0096","name":"Nerėpos entomologinis draustinis","nr":96,"cdda_id":179157,"national_id":"0210605000004","founded":1988,"source":"cdda","matched_via":"exact"},"geometry":{"type":"Polygon","coordinates":[[[23.64503,54.94338],[23.64668,54.94254],[23.65045,54.94432],[23.65668,54.94498],[23.66551,54.94316],[23.66715,54.94598],[23.66392,54.94681],[23.65806,54.94513],[23.65038,54.94734],[23.64891,54.94583],[23.64503,54.94338]]]}},{"type":"Feature","properties":{"code":"LYFF-0097","name":"Ringovės entomologinis draustinis","nr":97,"cdda_id":179158,"national_id":"0210605000003","founded":1988,"source":"cdda","matched_via":"exact"},"geometry":{"type":"Polygon","coordinates":[[[23.49109,55.0492],[23.5,55.04792],[23.52304,55.04972],[23.54888,55.04808],[23.55529,55.05098],[23.5531,55.05312],[23.55532,55.05442],[23.5527,55.05421],[23.55243,55.0554],[23.55423,55.05539],[23.55368,55.05733],[23.54933,55.05648],[23.54776,55.05778],[23.54739,55.05657],[23.54842,55.05586],[23.55132,55.05535],[23.5503,55.05416],[23.55101,55.05215],[23.54826,55.05216],[23.5498,55.05147],[23.54929,55.05026],[23.54203,55.0511],[23.54388,55.05207],[23.54091,55.05234],[23.541,55.0538],[23.54411,55.05524],[23.542,55.0556],[23.54289,55.05686],[23.53851,55.05502],[23.54079,55.05451],[23.53699,55.05261],[23.53836,55.05085],[23.53459,55.05166],[23.52521,55.05072],[23.52738,55.05193],[23.52449,55.05276],[23.52781,55.05718],[23.52693,55.06038],[23.52854,55.06077],[23.52989,55.05881],[23.52968,55.06036],[23.5314,55.06049],[23.53033,55.0616],[23.52442,55.06166],[23.5221,55.0633],[23.52351,55.06442],[23.5229,55.06544],[23.52115,55.06394],[23.52217,55.06124],[23.51976,55.06009],[23.52265,55.0606],[23.52313,55.05906],[23.52397,55.06019],[23.52493,55.05957],[23.52462,55.0578],[23.51834,55.0589],[23.51737,55.05542],[23.51127,55.05529],[23.49001,55.05011],[23.49075,55.04931],[23.49109,55.0492]]]}},{"type":"Feature","properties":{"code":"LYFF-0100","name":"Armonos geologinis draustinis","nr":100,"cdda_id":179183,"national_id":"0210100000006","founded":1960,"source":"cdda","matched_via":"exact"},"geometry":{"type":"Polygon","coordinates":[[[24.69835,55.20687],[24.69097,55.19858],[24.69384,55.19597],[24.68883,55.19392],[24.68433,55.19579],[24.68845,55.19177],[24.68589,55.18999],[24.68781,55.18765],[24.68456,55.18649],[24.68588,55.18438],[24.69416,55.18406],[24.70519,55.19486],[24.69498,55.19768],[24.70112,55.20175],[24.69841,55.20686],[24.69835,55.20687]]]}},{"type":"Feature","properties":{"code":"LYFF-0101","name":"Buožių geologinis draustinis","nr":101,"cdda_id":179184,"national_id":"0210100000001","founded":1988,"source":"cdda","matched_via":"exact"},"geometry":{"type":"Polygon","coordinates":[[[24.89515,55.95866],[24.89581,55.95816],[24.89892,55.95804],[24.90289,55.96211],[24.90187,55.96211],[24.90009,55.96106],[24.8995,55.96114],[24.89887,55.96181],[24.8975,55.96205],[24.89493,55.96116],[24.89515,55.95866]]]}},{"type":"Feature","properties":{"code":"LYFF-0102","name":"Indubakių geologinis draustinis","nr":102,"cdda_id":179185,"national_id":"0210100000005","founded":1971,"source":"cdda","matched_via":"exact"},"geometry":{"type":"Polygon","coordinates":[[[25.84579,55.37931],[25.84438,55.37832],[25.84112,55.37772],[25.84016,55.37671],[25.84076,55.37573],[25.84349,55.37553],[25.84396,55.37735],[25.84611,55.37798],[25.84678,55.37889],[25.84625,55.37911],[25.84579,55.37931]]]}},{"type":"Feature","properties":{"code":"LYFF-0103","name":"Navakonių geologinis draustinis","nr":103,"cdda_id":179186,"national_id":"0210100000008","founded":1971,"source":"cdda","matched_via":"exact"},"geometry":{"type":"Polygon","coordinates":[[[25.09212,54.28877],[25.09207,54.2873],[25.09412,54.28749],[25.09572,54.28797],[25.09759,54.28777],[25.09842,54.28821],[25.09836,54.28845],[25.09717,54.28885],[25.0973,54.28925],[25.09361,54.28875],[25.09212,54.28877]]]}},{"type":"Feature","properties":{"code":"LYFF-0105","name":"Pelyšos geologinis draustinis","nr":105,"cdda_id":179188,"national_id":"0210100000002","founded":1960,"source":"cdda","matched_via":"exact"},"geometry":{"type":"Polygon","coordinates":[[[25.0908,55.65668],[25.09082,55.65752],[25.08884,55.65858],[25.0818,55.66011],[25.08435,55.66234],[25.08445,55.66386],[25.0785,55.65859],[25.08774,55.65707],[25.08666,55.65208],[25.0968,55.65016],[25.10349,55.64666],[25.10631,55.64781],[25.10244,55.65101],[25.10226,55.65215],[25.08902,55.65414],[25.08919,55.65637],[25.09066,55.6567],[25.0908,55.65668]]]}},{"type":"Feature","properties":{"code":"LYFF-0106","name":"Stabulankių geologinis draustinis","nr":106,"cdda_id":179189,"national_id":"0210100000003","founded":1988,"source":"cdda","matched_via":"exact"},"geometry":{"type":"Polygon","coordinates":[[[25.44858,55.51601],[25.44778,55.51599],[25.447,55.51638],[25.44604,55.51563],[25.44698,55.51422],[25.44892,55.51395],[25.45181,55.51575],[25.45011,55.51701],[25.44828,55.51663],[25.4486,55.51608],[25.44858,55.51601]]]}},{"type":"Feature","properties":{"code":"LYFF-0107","name":"Vajelių geologinis draustinis","nr":107,"cdda_id":179190,"national_id":"0210100000004","founded":1971,"source":"cdda","matched_via":"exact"},"geometry":{"type":"Polygon","coordinates":[[[25.7979,55.39114],[25.79582,55.38991],[25.79456,55.38846],[25.79519,55.38701],[25.79838,55.38656],[25.79948,55.38726],[25.7993,55.38796],[25.80032,55.38819],[25.79942,55.39096],[25.79829,55.39121],[25.7979,55.39114]]]}},{"type":"Feature","properties":{"code":"LYFF-0108","name":"Žalvarių geologinis draustinis","nr":108,"cdda_id":179191,"national_id":"0210100000010","founded":1971,"source":"cdda","matched_via":"exact"},"geometry":{"type":"MultiPolygon","coordinates":[[[[25.3015,55.17308],[25.30168,55.17358],[25.30121,55.17418],[25.29752,55.1745],[25.29697,55.17423],[25.29538,55.17458],[25.29472,55.17409],[25.29746,55.17353],[25.29869,55.17292],[25.30128,55.1729],[25.3015,55.17308]]],[[[25.29324,55.17091],[25.29189,55.17036],[25.28785,55.17013],[25.28649,55.16887],[25.28704,55.16847],[25.29143,55.16827],[25.29211,55.16856],[25.29341,55.16957],[25.2941,55.17045],[25.29391,55.17057],[25.29324,55.17091]]]]}},{"type":"Feature","properties":{"code":"LYFF-0110","name":"Aguonio geomorfologinis draustinis","nr":110,"cdda_id":179194,"national_id":"0210200000033","founded":1988,"source":"cdda","matched_via":"exact"},"geometry":{"type":"Polygon","coordinates":[[[23.13469,54.36644],[23.14615,54.37077],[23.15039,54.37002],[23.15715,54.37537],[23.15584,54.3758],[23.15701,54.37666],[23.15631,54.3773],[23.1583,54.37737],[23.15954,54.37902],[23.15942,54.38052],[23.15599,54.38051],[23.16088,54.38498],[23.16096,54.38623],[23.16437,54.38565],[23.16899,54.38914],[23.17369,54.38917],[23.18057,54.39507],[23.1837,54.3963],[23.1825,54.39685],[23.18647,54.39958],[23.18421,54.40072],[23.18129,54.40002],[23.17557,54.39556],[23.16664,54.3933],[23.16167,54.38845],[23.15862,54.3877],[23.1575,54.38797],[23.15783,54.38886],[23.15443,54.38916],[23.15369,54.38781],[23.15684,54.38739],[23.15151,54.38615],[23.15271,54.38474],[23.15058,54.38301],[23.15185,54.38166],[23.14865,54.38025],[23.15198,54.38016],[23.15128,54.37861],[23.15465,54.37709],[23.15202,54.37445],[23.14138,54.37558],[23.14201,54.37455],[23.13951,54.37109],[23.13737,54.37188],[23.128,54.36909],[23.12518,54.36625],[23.12072,54.3662],[23.11315,54.36108],[23.10719,54.35866],[23.10298,54.3583],[23.09959,54.3597],[23.0895,54.35607],[23.08785,54.35651],[23.08147,54.35306],[23.08815,54.35075],[23.09678,54.35358],[23.10025,54.35648],[23.10774,54.35748],[23.12307,54.36378],[23.13439,54.36633],[23.13469,54.36644]]]}},{"type":"Feature","properties":{"code":"LYFF-0111","name":"Baldono geomorfologinis draustinis","nr":111,"cdda_id":179195,"national_id":"0210200000016","founded":1988,"source":"cdda","matched_via":"exact"},"geometry":{"type":"Polygon","coordinates":[[[25.07978,55.35148],[25.07693,55.3507],[25.07954,55.34928],[25.079,55.35015],[25.08012,55.3504],[25.0869,55.34855],[25.08748,55.34785],[25.08616,55.34792],[25.086,55.34699],[25.08692,55.34629],[25.08577,55.34558],[25.09326,55.34278],[25.08893,55.34018],[25.09331,55.34134],[25.09272,55.34008],[25.09367,55.33952],[25.09485,55.34108],[25.09408,55.34186],[25.09627,55.34226],[25.09735,55.34061],[25.09814,55.34199],[25.09665,55.34332],[25.09792,55.34281],[25.09772,55.34381],[25.10402,55.34475],[25.10472,55.3435],[25.10387,55.34297],[25.10597,55.34272],[25.11375,55.33684],[25.11395,55.33596],[25.11285,55.33593],[25.11439,55.33311],[25.11685,55.33354],[25.11951,55.33113],[25.12094,55.33137],[25.12194,55.32954],[25.12481,55.3289],[25.13005,55.32444],[25.1288,55.32381],[25.13035,55.32321],[25.13252,55.3242],[25.13326,55.32757],[25.12792,55.32975],[25.12433,55.33301],[25.12253,55.33328],[25.12219,55.33463],[25.11891,55.33518],[25.11755,55.33634],[25.11803,55.33945],[25.11473,55.34267],[25.10924,55.34471],[25.10882,55.34589],[25.09507,55.34602],[25.09222,55.34906],[25.09245,55.35139],[25.08293,55.35304],[25.08752,55.35574],[25.07645,55.35654],[25.07542,55.35431],[25.07996,55.35171],[25.07978,55.35148]]]}},{"type":"Feature","properties":{"code":"LYFF-0114","name":"Gėsalų geomorfologinis draustinis","nr":114,"cdda_id":179198,"national_id":"0210200000001","founded":1992,"source":"cdda","matched_via":"exact"},"geometry":{"type":"Polygon","coordinates":[[[21.75456,56.33514],[21.75422,56.33492],[21.75983,56.33462],[21.75938,56.33332],[21.76,56.33304],[21.75923,56.33259],[21.75954,56.3323],[21.75809,56.3322],[21.75733,56.32975],[21.75878,56.32727],[21.76525,56.32664],[21.76444,56.32596],[21.76617,56.32555],[21.7656,56.32504],[21.76283,56.32531],[21.76172,56.32479],[21.76173,56.32431],[21.764,56.32441],[21.76324,56.32276],[21.76164,56.32285],[21.76183,56.32195],[21.76334,56.3218],[21.76081,56.31985],[21.75827,56.31954],[21.7581,56.31903],[21.75899,56.31854],[21.76283,56.31722],[21.76862,56.31678],[21.76944,56.31854],[21.77385,56.31885],[21.77521,56.31833],[21.77544,56.32008],[21.77614,56.32021],[21.77827,56.32353],[21.7854,56.32265],[21.78599,56.32204],[21.78719,56.32225],[21.78786,56.32319],[21.78873,56.32679],[21.78581,56.32727],[21.78588,56.32806],[21.78511,56.32814],[21.78544,56.33015],[21.78339,56.33047],[21.78476,56.33576],[21.7829,56.33595],[21.78033,56.33496],[21.78012,56.33727],[21.77825,56.33756],[21.77892,56.34053],[21.77639,56.3407],[21.77328,56.33901],[21.77057,56.33928],[21.76931,56.33888],[21.76903,56.33797],[21.76527,56.33685],[21.76332,56.33738],[21.76177,56.33695],[21.75758,56.3373],[21.75456,56.33515],[21.75456,56.33514]]]}},{"type":"Feature","properties":{"code":"LYFF-0116","name":"Guodžių geomorfologinis draustinis","nr":116,"cdda_id":179200,"national_id":"0210200000004","founded":1992,"source":"cdda","matched_via":"exact"},"geometry":{"type":"Polygon","coordinates":[[[24.64008,56.02764],[24.6236,56.03261],[24.61431,56.02857],[24.61574,56.0081],[24.63245,56.00607],[24.63221,56.0029],[24.64408,56.00415],[24.6438,56.02484],[24.64158,56.02735],[24.64008,56.02764]]]}},{"type":"Feature","properties":{"code":"LYFF-0118","name":"Junkūnų geomorfologinis draustinis","nr":118,"cdda_id":179202,"national_id":"0210200000007","founded":1988,"source":"cdda","matched_via":"exact"},"geometry":{"type":"Polygon","coordinates":[[[25.90114,55.91576],[25.90669,55.91343],[25.91453,55.9146],[25.91449,55.92331],[25.91043,55.93659],[25.89774,55.93661],[25.89244,55.93185],[25.88326,55.93408],[25.88291,55.93081],[25.88484,55.93036],[25.88089,55.92585],[25.8803,55.91881],[25.87547,55.91787],[25.87301,55.91179],[25.8769,55.90782],[25.88168,55.90928],[25.88618,55.90576],[25.89187,55.90542],[25.90069,55.90936],[25.90117,55.91557],[25.90114,55.91576]]]}},{"type":"Feature","properties":{"code":"LYFF-0120","name":"Kaskalnio geomorfologinis draustinis","nr":120,"cdda_id":179204,"national_id":"0210200000018","founded":1988,"source":"cdda","matched_via":"exact"},"geometry":{"type":"Polygon","coordinates":[[[22.34634,55.14322],[22.36061,55.10592],[22.39034,55.10965],[22.3887,55.11404],[22.40062,55.11556],[22.39544,55.12866],[22.38924,55.12789],[22.38366,55.14104],[22.36032,55.13804],[22.35761,55.14476],[22.34634,55.14322]]]}},{"type":"Feature","properties":{"code":"LYFF-0121","name":"Kruopynės geomorfologinis draustinis","nr":121,"cdda_id":179205,"national_id":"0210200000029","founded":1992,"source":"cdda","matched_via":"exact"},"geometry":{"type":"Polygon","coordinates":[[[25.48036,54.52927],[25.48252,54.52414],[25.50007,54.53335],[25.49275,54.53944],[25.4996,54.54133],[25.49682,54.54848],[25.4853,54.55146],[25.46691,54.53994],[25.47878,54.53933],[25.48023,54.53031],[25.48036,54.52927]]]}},{"type":"Feature","properties":{"code":"LYFF-0122","name":"Kulvos geomorfologinis draustinis","nr":122,"cdda_id":179206,"national_id":"0210200000019","founded":1992,"source":"cdda","matched_via":"exact"},"geometry":{"type":"Polygon","coordinates":[[[24.13797,55.07021],[24.13879,55.06936],[24.1371,55.06587],[24.13425,55.06268],[24.12703,55.05828],[24.12979,55.0566],[24.12786,55.05553],[24.12922,55.05445],[24.12442,55.05262],[24.12322,55.05023],[24.11976,55.04981],[24.12067,55.04865],[24.11962,55.04786],[24.11461,55.04663],[24.11428,55.04527],[24.11532,55.04516],[24.11429,55.04408],[24.1162,55.04325],[24.11187,55.04302],[24.11379,55.04089],[24.1087,55.03536],[24.10811,55.02597],[24.10477,55.02519],[24.10196,55.02268],[24.10258,55.02063],[24.10818,55.01765],[24.1108,55.03065],[24.11209,55.0326],[24.11366,55.03256],[24.11583,55.0382],[24.12602,55.05023],[24.14566,55.05809],[24.147,55.057],[24.1538,55.05808],[24.16556,55.05674],[24.16945,55.05993],[24.18415,55.06085],[24.1907,55.06457],[24.18915,55.06704],[24.16973,55.06727],[24.16805,55.06967],[24.16902,55.07085],[24.16686,55.07129],[24.1658,55.0732],[24.15806,55.07514],[24.15589,55.07443],[24.15302,55.07627],[24.1535,55.07818],[24.15142,55.08114],[24.15821,55.08529],[24.15866,55.08941],[24.16289,55.09197],[24.1593,55.09366],[24.15684,55.09093],[24.14191,55.08547],[24.13811,55.07794],[24.13973,55.07719],[24.13921,55.07552],[24.13461,55.07225],[24.1363,55.07128],[24.13797,55.07021]]]}},{"type":"Feature","properties":{"code":"LYFF-0123","name":"Kuosinės geomorfologinis draustinis","nr":123,"cdda_id":62468,"national_id":"0210200000028","founded":1992,"source":"cdda","matched_via":"exact"},"geometry":{"type":"Polygon","coordinates":[[[25.65646,54.61663],[25.65516,54.6172],[25.65908,54.62055],[25.65207,54.62264],[25.64764,54.61815],[25.64198,54.61674],[25.63969,54.61827],[25.63893,54.61821],[25.63469,54.61747],[25.63003,54.61578],[25.62691,54.61313],[25.62545,54.60852],[25.62327,54.60546],[25.62291,54.6036],[25.62464,54.60291],[25.62333,54.60173],[25.62703,54.59878],[25.63063,54.59488],[25.63391,54.5902],[25.63572,54.58872],[25.63392,54.58812],[25.63508,54.5868],[25.63757,54.58556],[25.63917,54.58624],[25.64706,54.58014],[25.65135,54.57925],[25.64801,54.5771],[25.66347,54.57339],[25.66806,54.57557],[25.67766,54.57155],[25.67624,54.5703],[25.68052,54.56887],[25.68322,54.57094],[25.68073,54.57234],[25.68144,54.57288],[25.68375,54.57166],[25.69078,54.57701],[25.68819,54.57791],[25.68942,54.579],[25.68865,54.5798],[25.68944,54.58131],[25.68858,54.58163],[25.68702,54.58114],[25.68573,54.58168],[25.68136,54.5866],[25.6796,54.58703],[25.67588,54.59006],[25.67669,54.59088],[25.67675,54.59373],[25.67204,54.60032],[25.67678,54.6021],[25.67455,54.60521],[25.67045,54.60802],[25.66913,54.60729],[25.66459,54.61055],[25.66087,54.61201],[25.66124,54.61353],[25.65669,54.6157],[25.65791,54.61613],[25.65674,54.61653],[25.65646,54.61663]]]}},{"type":"Feature","properties":{"code":"LYFF-0124","name":"Lapių geomorfologinis draustinis","nr":124,"cdda_id":62469,"national_id":"0210200000020","founded":1992,"source":"cdda","matched_via":"exact"},"geometry":{"type":"Polygon","coordinates":[[[24.0111,54.99746],[24.01025,54.99725],[24.01245,54.9843],[24.0092,54.98134],[24.0097,54.97977],[24.00934,54.97861],[24.01143,54.97756],[24.01522,54.9788],[24.01606,54.97823],[24.01677,54.97848],[24.01799,54.97721],[24.03783,54.9833],[24.03982,54.98469],[24.04114,54.98498],[24.04173,54.9859],[24.04604,54.98737],[24.04793,54.98862],[24.05543,54.99007],[24.05595,54.98926],[24.05666,54.98945],[24.05728,54.99013],[24.05702,54.99091],[24.06779,54.9941],[24.07371,54.99762],[24.07468,54.99721],[24.08319,54.99894],[24.08263,54.99909],[24.08688,55.0008],[24.0893,55.00278],[24.09117,55.0028],[24.09145,55.00458],[24.09324,55.00799],[24.09209,55.00873],[24.092,55.00962],[24.09017,55.01078],[24.09006,55.012],[24.08633,55.01296],[24.08323,55.01462],[24.07536,55.01386],[24.06761,55.01196],[24.05643,55.01158],[24.02159,55.00443],[24.02132,55.00277],[24.0241,54.99993],[24.02585,54.99905],[24.02785,54.99954],[24.03095,54.99881],[24.03233,54.99758],[24.03245,54.99654],[24.02819,54.99473],[24.02739,54.99562],[24.02448,54.99628],[24.02244,54.99528],[24.02225,54.99575],[24.01876,54.99531],[24.01796,54.99635],[24.01846,54.99658],[24.0175,54.99745],[24.01843,54.99892],[24.0115,54.99754],[24.0111,54.99746]]]}},{"type":"Feature","properties":{"code":"LYFF-0125","name":"Linkuvos geomorfologinis draustinis","nr":125,"cdda_id":179207,"national_id":"0210200000037","founded":1992,"source":"cdda","matched_via":"exact"},"geometry":{"type":"Polygon","coordinates":[[[23.91752,56.07368],[23.91699,56.07247],[23.9165,56.07188],[23.91507,56.07238],[23.91383,56.07227],[23.91341,56.07191],[23.9133,56.07221],[23.91291,56.07224],[23.91312,56.07252],[23.91232,56.07259],[23.91256,56.07371],[23.91054,56.07389],[23.90848,56.07305],[23.90858,56.07161],[23.90696,56.07082],[23.88954,56.07175],[23.87999,56.07163],[23.87448,56.07207],[23.87309,56.07187],[23.87262,56.07149],[23.8712,56.0719],[23.87041,56.07173],[23.86999,56.07136],[23.86898,56.07107],[23.86741,56.0715],[23.86652,56.07127],[23.86468,56.0714],[23.86437,56.07118],[23.86383,56.07017],[23.8604,56.06634],[23.86186,56.06488],[23.86343,56.06423],[23.86399,56.06413],[23.86475,56.06446],[23.86882,56.06286],[23.86837,56.06231],[23.88044,56.0602],[23.88127,56.06098],[23.8869,56.05916],[23.89011,56.05919],[23.89061,56.05879],[23.89332,56.0577],[23.9107,56.05907],[23.9193,56.06174],[23.92104,56.0617],[23.92184,56.06238],[23.92264,56.06148],[23.92341,56.06153],[23.93199,56.06426],[23.94332,56.06715],[23.94262,56.06767],[23.94138,56.06949],[23.94088,56.07076],[23.94061,56.07616],[23.93675,56.08377],[23.92939,56.08294],[23.92706,56.08102],[23.92248,56.07594],[23.92144,56.07413],[23.91762,56.07386],[23.91752,56.07368]]]}},{"type":"Feature","properties":{"code":"LYFF-0126","name":"Medžiakalnio geomorfologinis draustinis","nr":126,"cdda_id":179208,"national_id":"0210200000023","founded":1992,"source":"cdda","matched_via":"exact"},"geometry":{"type":"Polygon","coordinates":[[[25.1225,54.72245],[25.12469,54.72236],[25.12644,54.72316],[25.13288,54.72342],[25.13141,54.72489],[25.13293,54.72503],[25.13447,54.72696],[25.13627,54.72677],[25.14413,54.72908],[25.14705,54.73285],[25.15278,54.73801],[25.14007,54.74157],[25.13833,54.74268],[25.13039,54.74569],[25.12828,54.74711],[25.12205,54.74538],[25.1215,54.74604],[25.11873,54.74645],[25.11838,54.74803],[25.117,54.74831],[25.11479,54.7475],[25.10959,54.74751],[25.10893,54.74592],[25.10736,54.74493],[25.10694,54.74412],[25.10809,54.74373],[25.10529,54.74091],[25.10073,54.74133],[25.10026,54.74039],[25.09746,54.73796],[25.09655,54.73637],[25.09577,54.73632],[25.09569,54.73582],[25.09651,54.73499],[25.09629,54.73458],[25.09356,54.73395],[25.09275,54.73318],[25.09219,54.73201],[25.09336,54.73081],[25.09117,54.73079],[25.08986,54.72939],[25.09046,54.72791],[25.08994,54.72716],[25.09089,54.72648],[25.09112,54.72427],[25.09373,54.722],[25.09445,54.72276],[25.09734,54.72258],[25.09956,54.72174],[25.10422,54.7225],[25.10641,54.72479],[25.10815,54.72525],[25.11018,54.72477],[25.11415,54.72221],[25.11649,54.72132],[25.1192,54.72121],[25.11962,54.72188],[25.12088,54.72179],[25.12162,54.72254],[25.12227,54.72248],[25.1225,54.72245]]]}},{"type":"Feature","properties":{"code":"LYFF-0128","name":"Pajieslio geomorfologinis draustinis","nr":128,"cdda_id":179210,"national_id":"0210200000015","founded":1992,"source":"cdda","matched_via":"exact"},"geometry":{"type":"Polygon","coordinates":[[[23.69124,55.36409],[23.69174,55.36032],[23.68438,55.35795],[23.68505,55.35042],[23.68117,55.34983],[23.67383,55.33637],[23.69182,55.33236],[23.71084,55.36936],[23.69817,55.3732],[23.69116,55.36581],[23.69124,55.36409]]]}},{"type":"Feature","properties":{"code":"LYFF-0129","name":"Pakalnių geomorfologinis draustinis","nr":129,"cdda_id":179211,"national_id":"0210200000013","founded":1988,"source":"cdda","matched_via":"exact"},"geometry":{"type":"Polygon","coordinates":[[[25.49186,55.44443],[25.48877,55.44498],[25.49035,55.4474],[25.48739,55.44935],[25.48208,55.44988],[25.47953,55.4399],[25.48147,55.43783],[25.47319,55.4336],[25.48206,55.42991],[25.48153,55.42611],[25.49407,55.42323],[25.49272,55.41904],[25.48897,55.41546],[25.49631,55.41498],[25.50135,55.41788],[25.50805,55.41868],[25.50448,55.42566],[25.50926,55.42957],[25.5023,55.43416],[25.49869,55.43154],[25.49443,55.43224],[25.49682,55.43499],[25.49562,55.43688],[25.49682,55.44225],[25.49203,55.44442],[25.49186,55.44443]]]}},{"type":"Feature","properties":{"code":"LYFF-0130","name":"Pipiriškių geomorfologinis draustinis","nr":130,"cdda_id":179213,"national_id":"0210200000024","founded":1992,"source":"cdda","matched_via":"exact"},"geometry":{"type":"Polygon","coordinates":[[[24.74214,54.73004],[24.74295,54.72967],[24.74157,54.72835],[24.74182,54.72677],[24.73974,54.7258],[24.74035,54.72474],[24.73978,54.72384],[24.73699,54.72285],[24.73978,54.72211],[24.73937,54.72089],[24.74037,54.7205],[24.73859,54.72039],[24.73858,54.71965],[24.74062,54.71856],[24.74482,54.71882],[24.74603,54.71997],[24.74914,54.72067],[24.74968,54.7181],[24.75511,54.71801],[24.7645,54.72104],[24.76523,54.71937],[24.76454,54.71931],[24.76591,54.7183],[24.76514,54.71748],[24.77235,54.71705],[24.7715,54.71618],[24.77207,54.71584],[24.77802,54.71793],[24.78074,54.72044],[24.77992,54.72472],[24.77883,54.72417],[24.7769,54.72545],[24.77245,54.72619],[24.77199,54.72803],[24.77058,54.72846],[24.77158,54.73051],[24.76893,54.73098],[24.76981,54.73198],[24.76867,54.73264],[24.76876,54.73429],[24.76767,54.73491],[24.75982,54.73698],[24.75547,54.73631],[24.75058,54.73689],[24.74435,54.74179],[24.74093,54.74196],[24.74123,54.74083],[24.73799,54.74034],[24.73604,54.74169],[24.73142,54.74183],[24.7275,54.74026],[24.72875,54.73871],[24.73301,54.73776],[24.73643,54.73538],[24.73545,54.73388],[24.73649,54.7329],[24.73578,54.73225],[24.73665,54.73029],[24.74033,54.7301],[24.74214,54.73004]]]}},{"type":"Feature","properties":{"code":"LYFF-0131","name":"Pivašiūnų geomorfologinis draustinis","nr":131,"cdda_id":179214,"national_id":"0210200000032","founded":1992,"source":"cdda","matched_via":"exact"},"geometry":{"type":"Polygon","coordinates":[[[24.38705,54.45798],[24.37993,54.45065],[24.37745,54.45099],[24.37229,54.44558],[24.37584,54.44506],[24.37976,54.44185],[24.40146,54.44002],[24.40982,54.43646],[24.4194,54.43844],[24.42387,54.44248],[24.42131,54.44302],[24.42396,54.44575],[24.42381,54.44831],[24.39305,54.45433],[24.3898,54.45622],[24.38705,54.45798]]]}},{"type":"Feature","properties":{"code":"LYFF-0132","name":"Pratkūnų geomorfologinis draustinis","nr":132,"cdda_id":179215,"national_id":"0210200000011","founded":1992,"source":"cdda","matched_via":"exact"},"geometry":{"type":"Polygon","coordinates":[[[26.05717,55.5418],[26.05702,55.54063],[26.05841,55.53986],[26.05095,55.53797],[26.0553,55.53396],[26.05721,55.53368],[26.05138,55.53234],[26.05522,55.52928],[26.05389,55.52677],[26.05577,55.52454],[26.05663,55.52446],[26.05582,55.52311],[26.06322,55.52517],[26.07246,55.52266],[26.0736,55.5236],[26.07359,55.5245],[26.0749,55.52366],[26.08086,55.5235],[26.08732,55.52473],[26.08652,55.52768],[26.08441,55.52688],[26.08254,55.52764],[26.08448,55.53187],[26.08243,55.53192],[26.0809,55.53464],[26.08564,55.5368],[26.08315,55.54009],[26.09505,55.54046],[26.09797,55.53951],[26.09853,55.54094],[26.10495,55.54221],[26.10512,55.54299],[26.10437,55.54335],[26.10541,55.54493],[26.10182,55.54558],[26.10169,55.5464],[26.10085,55.54671],[26.10236,55.54696],[26.10239,55.54776],[26.10141,55.54794],[26.10105,55.54876],[26.10297,55.55101],[26.10253,55.55169],[26.09736,55.55132],[26.09564,55.55187],[26.09443,55.5512],[26.09166,55.55143],[26.08686,55.55059],[26.08379,55.55147],[26.07926,55.55115],[26.07765,55.55211],[26.07552,55.55223],[26.07362,55.55001],[26.07162,55.54951],[26.07136,55.54853],[26.07261,55.54677],[26.06939,55.5465],[26.06671,55.5445],[26.06301,55.5456],[26.05805,55.54214],[26.05717,55.5418]]]}},{"type":"Feature","properties":{"code":"LYFF-0133","name":"Prūsagalės geomorfologinis draustinis","nr":133,"cdda_id":179216,"national_id":"0210200000005","founded":1988,"source":"cdda","matched_via":"exact"},"geometry":{"type":"Polygon","coordinates":[[[25.00406,55.96721],[25.00194,55.96057],[24.99609,55.95475],[24.99736,55.95396],[24.98538,55.951],[24.98295,55.95365],[24.97286,55.94728],[24.97348,55.9444],[24.97968,55.93891],[24.9775,55.92974],[24.9814,55.92939],[24.98663,55.93895],[24.99963,55.94367],[24.9979,55.94646],[24.99987,55.95028],[24.99803,55.95089],[25.00616,55.95789],[25.00772,55.96723],[25.00406,55.96721]]]}},{"type":"Feature","properties":{"code":"LYFF-0134","name":"Skersabalių geomorfologinis draustinis","nr":134,"cdda_id":179217,"national_id":"0210200000022","founded":1992,"source":"cdda","matched_via":"exact"},"geometry":{"type":"Polygon","coordinates":[[[25.59309,54.80308],[25.5972,54.79616],[25.57439,54.77622],[25.57596,54.76829],[25.58496,54.76641],[25.62262,54.78634],[25.62253,54.80407],[25.61543,54.80855],[25.59359,54.80347],[25.59309,54.80308]]]}},{"type":"Feature","properties":{"code":"LYFF-0135","name":"Skriaudžių geomorfologinis draustinis","nr":135,"cdda_id":179218,"national_id":"0210200000026","founded":1992,"source":"cdda","matched_via":"exact"},"geometry":{"type":"Polygon","coordinates":[[[23.65674,54.73318],[23.65623,54.72707],[23.66337,54.72019],[23.66931,54.72211],[23.66712,54.72386],[23.67065,54.72467],[23.67194,54.72304],[23.67312,54.72502],[23.67989,54.72495],[23.68472,54.72786],[23.6846,54.73012],[23.68621,54.7309],[23.6847,54.73198],[23.68598,54.73296],[23.68127,54.7343],[23.6817,54.73612],[23.6763,54.73575],[23.67714,54.73367],[23.67469,54.73279],[23.67353,54.73383],[23.66569,54.73192],[23.66315,54.73401],[23.65702,54.73359],[23.65674,54.73318]]]}},{"type":"Feature","properties":{"code":"LYFF-0136","name":"Sudvajų geomorfologinis draustinis","nr":136,"cdda_id":179219,"national_id":"0210200000034","founded":1992,"source":"cdda","matched_via":"exact"},"geometry":{"type":"Polygon","coordinates":[[[24.09017,54.34812],[24.08499,54.3496],[24.06519,54.34803],[24.06589,54.34244],[24.0643,54.33882],[24.06977,54.33418],[24.10139,54.33877],[24.09788,54.34512],[24.09407,54.34473],[24.0904,54.34743],[24.09017,54.34812]]]}},{"type":"Feature","properties":{"code":"LYFF-0137","name":"Šakynos geomorfologinis draustinis","nr":137,"cdda_id":179220,"national_id":"0210200000002","founded":1992,"source":"cdda","matched_via":"exact"},"geometry":{"type":"Polygon","coordinates":[[[23.04899,56.15919],[23.07474,56.16022],[23.11115,56.17328],[23.11421,56.1781],[23.10796,56.18646],[23.09784,56.19185],[23.07353,56.18898],[23.0614,56.18442],[23.06445,56.17789],[23.048,56.1755],[23.05199,56.17147],[23.04628,56.1621],[23.04882,56.15919],[23.04899,56.15919]]]}},{"type":"Feature","properties":{"code":"LYFF-0138","name":"Šarkučių geomorfologinis draustinis","nr":138,"cdda_id":179221,"national_id":"0210200000035","founded":1988,"source":"cdda","matched_via":"exact"},"geometry":{"type":"Polygon","coordinates":[[[24.86278,54.14907],[24.87832,54.15018],[24.8719,54.15634],[24.87745,54.16172],[24.86495,54.17027],[24.82621,54.17327],[24.81752,54.16774],[24.83813,54.14687],[24.86275,54.14909],[24.86278,54.14907]]]}},{"type":"Feature","properties":{"code":"LYFF-0140","name":"Taučionių geomorfologinis draustinis","nr":140,"cdda_id":179004,"national_id":"0210200000031","founded":1992,"source":"cdda","matched_via":"exact"},"geometry":{"type":"Polygon","coordinates":[[[24.62696,54.45754],[24.62123,54.4605],[24.61146,54.4605],[24.61164,54.45604],[24.6087,54.45188],[24.60994,54.45008],[24.60109,54.44534],[24.59907,54.44095],[24.59197,54.4373],[24.60096,54.4329],[24.6112,54.43323],[24.61325,54.43738],[24.62109,54.44121],[24.61845,54.44425],[24.62078,54.44787],[24.62431,54.4488],[24.62446,54.45205],[24.62853,54.45675],[24.62702,54.45742],[24.62696,54.45754]]]}},{"type":"Feature","properties":{"code":"LYFF-0141","name":"Tilžės geomorfologinis draustinis","nr":141,"cdda_id":179005,"national_id":"0210200000010","founded":1992,"source":"cdda","matched_via":"exact"},"geometry":{"type":"Polygon","coordinates":[[[26.56272,55.66652],[26.55691,55.66623],[26.55742,55.66286],[26.56026,55.66246],[26.5633,55.66028],[26.56946,55.66249],[26.56937,55.66573],[26.56781,55.66704],[26.56451,55.66766],[26.56271,55.66681],[26.56272,55.66652]]]}},{"type":"Feature","properties":{"code":"LYFF-0142","name":"Upynos geomorfologinis draustinis","nr":142,"cdda_id":179006,"national_id":"0210200000012","founded":1992,"source":"cdda","matched_via":"exact"},"geometry":{"type":"Polygon","coordinates":[[[22.3938,55.44423],[22.3959,55.44336],[22.40064,55.44377],[22.40568,55.44131],[22.41305,55.44396],[22.41404,55.44611],[22.41751,55.4463],[22.4179,55.44506],[22.42057,55.44422],[22.42481,55.44741],[22.43132,55.44855],[22.43581,55.45048],[22.42681,55.45598],[22.42953,55.45775],[22.41715,55.4601],[22.41252,55.46294],[22.41348,55.46501],[22.41063,55.4661],[22.41087,55.46711],[22.40942,55.468],[22.40622,55.4677],[22.40332,55.46956],[22.39666,55.46583],[22.39223,55.46181],[22.38218,55.45825],[22.38102,55.45658],[22.38206,55.45626],[22.38259,55.45424],[22.38402,55.45414],[22.38328,55.45335],[22.3865,55.45382],[22.39226,55.44965],[22.38807,55.44731],[22.39043,55.44596],[22.3938,55.44423]]]}},{"type":"Feature","properties":{"code":"LYFF-0143","name":"Vaiskūnų geomorfologinis draustinis","nr":143,"cdda_id":179007,"national_id":"0210200000040","founded":1992,"source":"cdda","matched_via":"exact"},"geometry":{"type":"Polygon","coordinates":[[[25.71489,55.69336],[25.71551,55.69976],[25.72242,55.70103],[25.72044,55.702],[25.72184,55.70744],[25.70334,55.7056],[25.68828,55.69972],[25.69074,55.69862],[25.68939,55.69521],[25.69277,55.69034],[25.69031,55.68797],[25.69307,55.68671],[25.69295,55.6832],[25.69737,55.68227],[25.6958,55.67672],[25.69791,55.67526],[25.70999,55.67936],[25.71575,55.68765],[25.7156,55.69316],[25.71489,55.69336]]]}},{"type":"Feature","properties":{"code":"LYFF-0145","name":"Varputėnų geomorfologinis draustinis","nr":145,"cdda_id":179009,"national_id":"0210200000038","founded":1992,"source":"cdda","matched_via":"exact"},"geometry":{"type":"Polygon","coordinates":[[[22.88572,55.90905],[22.87911,55.89071],[22.88686,55.88536],[22.88763,55.88722],[22.89214,55.8875],[22.89532,55.88558],[22.89856,55.88698],[22.90081,55.89375],[22.906,55.89889],[22.90251,55.90103],[22.90455,55.90626],[22.89667,55.9057],[22.88574,55.90911],[22.88572,55.90905]]]}},{"type":"Feature","properties":{"code":"LYFF-0146","name":"Verdeikių geomorfologinis draustinis","nr":146,"cdda_id":179010,"national_id":"0210200000021","founded":1992,"source":"cdda","matched_via":"exact"},"geometry":{"type":"Polygon","coordinates":[[[25.45071,54.95595],[25.44091,54.95774],[25.4358,54.95544],[25.42622,54.95573],[25.43102,54.94572],[25.43036,54.94202],[25.42511,54.93689],[25.42491,54.93243],[25.42866,54.93288],[25.43069,54.92873],[25.44469,54.93233],[25.44898,54.93153],[25.4501,54.93505],[25.44629,54.93733],[25.44946,54.94267],[25.46713,54.94403],[25.46514,54.94737],[25.46239,54.94697],[25.46502,54.94966],[25.4624,54.95221],[25.45131,54.9559],[25.45071,54.95595]]]}},{"type":"Feature","properties":{"code":"LYFF-0148","name":"Zygmantiškių geomorfologinis draustinis","nr":148,"cdda_id":145114,"national_id":"0210200000039","founded":1998,"source":"cdda","matched_via":"exact"},"geometry":{"type":"Polygon","coordinates":[[[25.09159,54.4003],[25.09026,54.40463],[25.08833,54.40284],[25.07733,54.40091],[25.06813,54.39733],[25.06972,54.39331],[25.06591,54.39497],[25.05949,54.39336],[25.05469,54.3887],[25.03875,54.3805],[25.02182,54.374],[25.00895,54.37323],[25.00149,54.37039],[25.00341,54.36411],[24.99539,54.36349],[24.9964,54.36011],[24.98821,54.35921],[24.98913,54.35608],[24.98122,54.35525],[24.98501,54.34272],[24.99294,54.34356],[24.99432,54.33921],[25.00108,54.33747],[25.01901,54.33989],[25.02091,54.33304],[25.0284,54.3358],[25.03111,54.32827],[25.05053,54.32866],[25.0666,54.3326],[25.07023,54.3387],[25.06929,54.34282],[25.05463,54.34095],[25.05129,54.34371],[25.03641,54.34203],[25.03526,54.34532],[25.0257,54.34424],[25.02489,54.34695],[25.01703,54.34635],[25.01524,54.35234],[25.0322,54.35425],[25.0311,54.35759],[25.03899,54.35845],[25.03783,54.36174],[25.04586,54.36265],[25.04374,54.36895],[25.05192,54.37002],[25.05404,54.36364],[25.06207,54.36453],[25.05992,54.37088],[25.0677,54.37179],[25.06557,54.37801],[25.07392,54.37909],[25.07189,54.38535],[25.07994,54.38631],[25.07765,54.39221],[25.09372,54.39406],[25.0958,54.38807],[25.1123,54.38987],[25.10816,54.4022],[25.09292,54.4004],[25.09159,54.4003]]]}},{"type":"Feature","properties":{"code":"LYFF-0151","name":"Stračiūnų herpetologinis draustinis","nr":151,"cdda_id":179145,"national_id":"0210603000002","founded":1976,"source":"cdda","matched_via":"exact"},"geometry":{"type":"Polygon","coordinates":[[[23.93805,54.12685],[23.939,54.12734],[23.94181,54.13338],[23.94162,54.13476],[23.94047,54.13537],[23.93875,54.13489],[23.93781,54.1321],[23.93363,54.12992],[23.9344,54.12875],[23.9376,54.12701],[23.93805,54.12685]]]}},{"type":"Feature","properties":{"code":"LYFF-0153","name":"Alšios hidrografinis draustinis","nr":153,"cdda_id":179014,"national_id":"0210300000023","founded":1988,"source":"cdda","matched_via":"exact"},"geometry":{"type":"Polygon","coordinates":[[[24.30389,54.63831],[24.31291,54.64015],[24.30733,54.64406],[24.30942,54.64451],[24.30875,54.64702],[24.30146,54.64866],[24.30186,54.65025],[24.29236,54.64884],[24.29348,54.64779],[24.29049,54.64547],[24.28595,54.64722],[24.28926,54.649],[24.28608,54.65073],[24.2869,54.64822],[24.2849,54.64729],[24.27727,54.65041],[24.27253,54.64669],[24.27367,54.64958],[24.2712,54.64865],[24.26886,54.65207],[24.27011,54.6496],[24.26702,54.64594],[24.26338,54.64831],[24.25652,54.64759],[24.25573,54.64348],[24.25366,54.64294],[24.25629,54.64233],[24.25385,54.64153],[24.24637,54.64396],[24.2454,54.64125],[24.25534,54.62773],[24.24909,54.62404],[24.24855,54.62182],[24.25105,54.62105],[24.24467,54.62088],[24.25224,54.62064],[24.24831,54.61832],[24.25991,54.61273],[24.25874,54.61075],[24.26355,54.60674],[24.26973,54.60691],[24.2518,54.6182],[24.2545,54.62187],[24.2515,54.62397],[24.25742,54.62911],[24.25287,54.63949],[24.26179,54.64161],[24.26154,54.64603],[24.26847,54.64095],[24.27029,54.64252],[24.26517,54.64486],[24.26946,54.6445],[24.26981,54.64681],[24.27543,54.64136],[24.28231,54.64652],[24.291,54.64408],[24.29472,54.64764],[24.30028,54.64809],[24.30698,54.64542],[24.30487,54.64066],[24.30389,54.63831]]]}},{"type":"Feature","properties":{"code":"LYFF-0155","name":"Aukspirtos hidrografinis draustinis","nr":155,"cdda_id":179016,"national_id":"0210300000019","founded":1988,"source":"cdda","matched_via":"exact"},"geometry":{"type":"Polygon","coordinates":[[[22.78912,54.91946],[22.78828,54.91637],[22.79085,54.91802],[22.79285,54.91719],[22.79366,54.91766],[22.79772,54.91516],[22.80158,54.91676],[22.80736,54.91674],[22.81303,54.91515],[22.82682,54.91458],[22.8307,54.91313],[22.8385,54.91233],[22.83902,54.91115],[22.84339,54.9115],[22.84646,54.90999],[22.85286,54.90984],[22.85351,54.90903],[22.85452,54.90952],[22.85589,54.90824],[22.85829,54.90748],[22.86841,54.90763],[22.86551,54.90866],[22.85854,54.90808],[22.85625,54.91002],[22.84889,54.91198],[22.84874,54.91115],[22.84666,54.91069],[22.84487,54.91262],[22.84137,54.91214],[22.83172,54.91402],[22.82619,54.91624],[22.82355,54.91557],[22.81953,54.91583],[22.80712,54.91777],[22.8143,54.91981],[22.81995,54.91914],[22.81984,54.91852],[22.82548,54.92083],[22.82923,54.92092],[22.83801,54.92278],[22.84191,54.92455],[22.84545,54.92445],[22.84643,54.92487],[22.8456,54.92577],[22.8329,54.92364],[22.83058,54.92233],[22.82469,54.9219],[22.82061,54.91992],[22.8148,54.92068],[22.815,54.92158],[22.81363,54.92302],[22.81372,54.92067],[22.80654,54.91912],[22.80638,54.92104],[22.80489,54.91921],[22.80279,54.91907],[22.80116,54.91784],[22.79934,54.91766],[22.79443,54.91988],[22.78971,54.91948],[22.78912,54.91946]]]}},{"type":"Feature","properties":{"code":"LYFF-0156","name":"Avirės hidrografinis draustinis","nr":156,"cdda_id":179017,"national_id":"0210300000030","founded":1988,"source":"cdda","matched_via":"exact"},"geometry":{"type":"Polygon","coordinates":[[[23.91457,54.07057],[23.92096,54.06173],[23.92542,54.05942],[23.92397,54.05893],[23.92766,54.05903],[23.92928,54.05675],[23.94567,54.05271],[23.94769,54.05046],[23.94543,54.04956],[23.95005,54.04683],[23.95952,54.03422],[23.96773,54.03165],[23.97347,54.04],[23.96615,54.03993],[23.96477,54.04713],[23.95581,54.04869],[23.95583,54.05036],[23.94784,54.05677],[23.93173,54.06077],[23.92891,54.06445],[23.92434,54.06569],[23.92419,54.07068],[23.91724,54.07159],[23.91457,54.07057]]]}},{"type":"Feature","properties":{"code":"LYFF-0157","name":"Balčios hidrografinis draustinis","nr":157,"cdda_id":179018,"national_id":"0210300000012","founded":1992,"source":"cdda","matched_via":"exact"},"geometry":{"type":"Polygon","coordinates":[[[22.80436,55.43957],[22.79584,55.43393],[22.80168,55.43012],[22.79329,55.42921],[22.80358,55.42692],[22.80467,55.42362],[22.82202,55.42237],[22.81822,55.42857],[22.81339,55.4293],[22.81806,55.43174],[22.81021,55.43133],[22.81247,55.42851],[22.81002,55.42766],[22.80467,55.4329],[22.80981,55.43809],[22.80663,55.44366],[22.81161,55.4447],[22.80325,55.44746],[22.79832,55.44406],[22.79074,55.44759],[22.79631,55.44875],[22.79822,55.45389],[22.78418,55.44667],[22.78592,55.45416],[22.79145,55.45647],[22.78933,55.46107],[22.79796,55.46836],[22.7919,55.464],[22.78796,55.46744],[22.78428,55.46464],[22.78711,55.46165],[22.78328,55.46402],[22.78126,55.46184],[22.7875,55.45591],[22.78019,55.46074],[22.78336,55.45368],[22.77688,55.45205],[22.77657,55.45774],[22.76058,55.46032],[22.75437,55.4688],[22.74045,55.47146],[22.74495,55.47843],[22.72652,55.48367],[22.731,55.4881],[22.72297,55.48492],[22.7357,55.48171],[22.74039,55.47661],[22.72219,55.47409],[22.73692,55.47414],[22.73957,55.46924],[22.75518,55.46532],[22.7566,55.45956],[22.77323,55.4528],[22.76674,55.45091],[22.78172,55.44853],[22.77893,55.44361],[22.78969,55.44508],[22.79586,55.44021],[22.80336,55.44284],[22.80451,55.43971],[22.80436,55.43957]]]}},{"type":"Feature","properties":{"code":"LYFF-0158","name":"Buivydžių hidrografinis draustinis","nr":158,"cdda_id":179019,"national_id":"0210300000020","founded":1992,"source":"cdda","matched_via":"exact"},"geometry":{"type":"Polygon","coordinates":[[[25.74357,54.86602],[25.74653,54.86422],[25.74557,54.86034],[25.74749,54.85645],[25.74477,54.85311],[25.74208,54.84187],[25.74278,54.8328],[25.74455,54.82948],[25.74379,54.82785],[25.75619,54.82222],[25.7722,54.82306],[25.77782,54.82856],[25.77827,54.83477],[25.78362,54.83944],[25.77835,54.84336],[25.77771,54.85279],[25.78127,54.85708],[25.77875,54.85943],[25.77291,54.86185],[25.76636,54.85999],[25.75695,54.86484],[25.76128,54.86609],[25.75405,54.86742],[25.75424,54.86915],[25.75311,54.86963],[25.74357,54.86602]]]}},{"type":"Feature","properties":{"code":"LYFF-0160","name":"Dysnos hidrografinis draustinis","nr":160,"cdda_id":179021,"national_id":"0210300000013","founded":1988,"source":"cdda","matched_via":"exact"},"geometry":{"type":"Polygon","coordinates":[[[26.44154,55.34741],[26.43668,55.34312],[26.44151,55.3425],[26.44888,55.33705],[26.45219,55.33809],[26.45111,55.33581],[26.45486,55.33615],[26.45467,55.33796],[26.45873,55.33887],[26.46471,55.3372],[26.46182,55.33675],[26.46153,55.33537],[26.46439,55.33553],[26.46576,55.33745],[26.47041,55.33735],[26.47693,55.3356],[26.47491,55.3332],[26.47881,55.33366],[26.48243,55.3309],[26.48456,55.33349],[26.48593,55.33179],[26.49201,55.33066],[26.4921,55.32873],[26.49772,55.32984],[26.49753,55.32795],[26.51049,55.3244],[26.51318,55.32215],[26.51574,55.32396],[26.51913,55.32319],[26.52077,55.31523],[26.52361,55.31364],[26.5345,55.31497],[26.536,55.31697],[26.54027,55.31787],[26.53955,55.31941],[26.54232,55.32229],[26.55427,55.32197],[26.55395,55.324],[26.54827,55.3265],[26.54864,55.32897],[26.53471,55.32905],[26.53423,55.33085],[26.52889,55.33049],[26.52686,55.33254],[26.51559,55.32996],[26.51416,55.33083],[26.51426,55.33334],[26.51175,55.33238],[26.4948,55.33426],[26.49156,55.33606],[26.49166,55.33765],[26.48,55.33857],[26.4754,55.34147],[26.46556,55.33937],[26.45453,55.34126],[26.45313,55.33974],[26.45191,55.34194],[26.44944,55.34129],[26.44526,55.34338],[26.44159,55.34736],[26.44154,55.34741]]]}},{"type":"Feature","properties":{"code":"LYFF-0161","name":"Dūburio hidrografinis draustinis","nr":161,"cdda_id":179022,"national_id":"0210300000006","founded":1983,"source":"cdda","matched_via":"exact"},"geometry":{"type":"Polygon","coordinates":[[[25.9725,55.77677],[25.98725,55.79061],[25.98486,55.79576],[25.9678,55.80062],[25.96775,55.79887],[25.95938,55.79509],[25.95186,55.79573],[25.95391,55.79235],[25.95363,55.78704],[25.95696,55.78286],[25.96519,55.77684],[25.97215,55.77685],[25.9725,55.77677]]]}},{"type":"Feature","properties":{"code":"LYFF-0162","name":"Glėbo hidrografinis draustinis","nr":162,"cdda_id":179023,"national_id":"0210300000029","founded":1988,"source":"cdda","matched_via":"exact"},"geometry":{"type":"Polygon","coordinates":[[[24.49631,54.2411],[24.52746,54.24964],[24.51738,54.25233],[24.517,54.25573],[24.49474,54.25595],[24.49505,54.25278],[24.49127,54.25275],[24.48928,54.24819],[24.49569,54.24626],[24.49627,54.24112],[24.49631,54.2411]]]}},{"type":"Feature","properties":{"code":"LYFF-0164","name":"Jotijos hidrografinis draustinis","nr":164,"cdda_id":179025,"national_id":"0210300000018","founded":1988,"source":"cdda","matched_via":"exact"},"geometry":{"type":"Polygon","coordinates":[[[22.63526,54.98788],[22.63744,54.98785],[22.6365,54.98886],[22.64117,54.99268],[22.65967,54.99009],[22.66199,54.99147],[22.66152,54.99564],[22.6655,54.99641],[22.66085,54.99711],[22.65989,54.99919],[22.6679,55.00226],[22.67502,55.00206],[22.67478,55.00301],[22.68118,55.00298],[22.68341,55.00421],[22.68119,55.00598],[22.66851,55.0057],[22.66395,55.00129],[22.65772,54.99902],[22.65928,54.99256],[22.64708,54.99286],[22.63906,54.99574],[22.641,54.99431],[22.63808,54.99475],[22.6393,54.99358],[22.63578,54.99079],[22.63518,54.98814],[22.63526,54.98788]]]}},{"type":"Feature","properties":{"code":"LYFF-0165","name":"Juostos hidrografinis draustinis","nr":165,"cdda_id":179026,"national_id":"0210300000007","founded":1992,"source":"cdda","matched_via":"exact"},"geometry":{"type":"Polygon","coordinates":[[[24.57815,55.7112],[24.57488,55.71069],[24.57647,55.70882],[24.57506,55.7085],[24.5807,55.70526],[24.58136,55.70153],[24.58356,55.70099],[24.58371,55.69721],[24.58567,55.69374],[24.58447,55.69353],[24.58768,55.68999],[24.58952,55.68594],[24.58897,55.68164],[24.58956,55.67703],[24.59791,55.67603],[24.59796,55.67386],[24.60107,55.67285],[24.601,55.66956],[24.60371,55.67],[24.60316,55.66896],[24.60414,55.66842],[24.61371,55.66954],[24.61204,55.67044],[24.61462,55.67213],[24.614,55.6734],[24.60884,55.67232],[24.60873,55.67347],[24.61058,55.67371],[24.61072,55.67444],[24.60955,55.67453],[24.6103,55.67472],[24.61007,55.67545],[24.6068,55.67662],[24.60891,55.67806],[24.61095,55.67831],[24.61107,55.67929],[24.60605,55.67835],[24.6057,55.67993],[24.60315,55.68046],[24.60604,55.68137],[24.60423,55.68262],[24.60461,55.68334],[24.6019,55.68364],[24.59927,55.68764],[24.59521,55.6888],[24.5924,55.6907],[24.59394,55.69179],[24.59345,55.69277],[24.59417,55.69361],[24.59244,55.69508],[24.59037,55.69424],[24.58968,55.69476],[24.59012,55.69771],[24.58624,55.7044],[24.57933,55.71255],[24.57842,55.71507],[24.5767,55.71571],[24.57349,55.71456],[24.57532,55.71249],[24.57806,55.71128],[24.57815,55.7112]]]}},{"type":"Feature","properties":{"code":"LYFF-0166","name":"Kampuolio hidrografinis draustinis","nr":166,"cdda_id":179027,"national_id":"0210300000005","founded":1992,"source":"cdda","matched_via":"exact"},"geometry":{"type":"Polygon","coordinates":[[[25.96252,55.88546],[25.96084,55.88379],[25.95642,55.88467],[25.95235,55.88285],[25.9543,55.88079],[25.95129,55.87731],[25.95194,55.87386],[25.94932,55.87272],[25.96455,55.86294],[25.97431,55.86443],[25.98656,55.8594],[25.99542,55.86404],[25.98488,55.87714],[25.96319,55.88556],[25.96252,55.88546]]]}},{"type":"Feature","properties":{"code":"LYFF-0167","name":"Kenos hidrografinis draustinis","nr":167,"cdda_id":179028,"national_id":"0210300000024","founded":1988,"source":"cdda","matched_via":"exact"},"geometry":{"type":"Polygon","coordinates":[[[25.6029,54.64798],[25.59856,54.64589],[25.59395,54.64718],[25.58773,54.6437],[25.58612,54.6413],[25.58932,54.64063],[25.57918,54.63234],[25.57292,54.6327],[25.57104,54.63014],[25.56282,54.62874],[25.55802,54.63214],[25.54215,54.62515],[25.54445,54.62133],[25.54066,54.61777],[25.54224,54.61438],[25.5387,54.61061],[25.5408,54.61055],[25.53178,54.60501],[25.52748,54.60553],[25.53282,54.60207],[25.53197,54.59301],[25.52326,54.58615],[25.52454,54.58552],[25.51996,54.58045],[25.51874,54.57535],[25.52087,54.57145],[25.52341,54.57126],[25.52033,54.57369],[25.52229,54.57415],[25.52243,54.58073],[25.52863,54.5868],[25.53142,54.5857],[25.53467,54.58762],[25.53307,54.59019],[25.53883,54.60741],[25.54393,54.61172],[25.54631,54.61114],[25.5483,54.6065],[25.54596,54.60382],[25.54764,54.6017],[25.54656,54.60449],[25.5501,54.60705],[25.54807,54.61181],[25.54428,54.61319],[25.54662,54.6215],[25.54461,54.62436],[25.55071,54.62886],[25.55849,54.6308],[25.56284,54.6285],[25.57258,54.62911],[25.57384,54.63188],[25.58148,54.6317],[25.58237,54.6343],[25.5886,54.63711],[25.5895,54.64358],[25.59995,54.64606],[25.60307,54.64417],[25.61069,54.64583],[25.60649,54.64483],[25.6031,54.64795],[25.6029,54.64798]]]}},{"type":"Feature","properties":{"code":"LYFF-0168","name":"Kražantės hidrografinis draustinis","nr":168,"cdda_id":179029,"national_id":"0210300000008","founded":1992,"source":"cdda","matched_via":"exact"},"geometry":{"type":"Polygon","coordinates":[[[22.98435,55.65327],[22.98939,55.65483],[22.98739,55.65496],[22.98669,55.65812],[22.99218,55.65843],[22.99335,55.65667],[22.99446,55.65906],[22.99781,55.65661],[23.00103,55.65702],[23.0014,55.65496],[23.00229,55.65715],[23.00477,55.65795],[23.01442,55.65606],[23.02955,55.65767],[23.03349,55.66106],[23.04571,55.66468],[23.04635,55.66712],[23.04942,55.66723],[23.05051,55.66587],[23.04839,55.66832],[23.04831,55.67203],[23.05278,55.67192],[23.05532,55.67006],[23.0695,55.67004],[23.06968,55.66845],[23.0768,55.66956],[23.0722,55.67339],[23.05452,55.67429],[23.05423,55.67895],[23.05005,55.68101],[23.04918,55.67892],[23.04449,55.67868],[23.04028,55.67627],[23.04079,55.67449],[23.04416,55.67395],[23.04112,55.67084],[23.0283,55.66934],[23.02689,55.67007],[23.0295,55.67305],[23.02739,55.67259],[23.02624,55.6739],[23.02277,55.67241],[23.02461,55.67146],[23.02025,55.67056],[23.01876,55.66849],[23.01457,55.6685],[23.01653,55.6671],[23.0159,55.66497],[23.01211,55.66697],[23.01052,55.66472],[23.00351,55.66296],[22.99448,55.66331],[22.99896,55.66085],[22.99047,55.65975],[22.98904,55.66106],[22.98384,55.66072],[22.97664,55.65797],[22.98143,55.65682],[22.98133,55.65518],[22.98424,55.65323],[22.98435,55.65327]]]}},{"type":"Feature","properties":{"code":"LYFF-0169","name":"Lietavos hidrografinis draustinis","nr":169,"cdda_id":179030,"national_id":"0210300000017","founded":1992,"source":"cdda","matched_via":"exact"},"geometry":{"type":"Polygon","coordinates":[[[24.45314,55.02734],[24.45441,55.02364],[24.4581,55.02181],[24.4641,55.02727],[24.46864,55.02728],[24.46813,55.02924],[24.47665,55.0326],[24.50152,55.03213],[24.48948,55.03596],[24.47013,55.0359],[24.46476,55.03355],[24.46237,55.0297],[24.4537,55.02909],[24.45468,55.02775],[24.45314,55.02734]]]}},{"type":"Feature","properties":{"code":"LYFF-0170","name":"Malkestaičio hidrografinis draustinis","nr":170,"cdda_id":179031,"national_id":"0210300000015","founded":1992,"source":"cdda","matched_via":"exact"},"geometry":{"type":"Polygon","coordinates":[[[25.46597,55.26036],[25.4641,55.25959],[25.46546,55.25762],[25.47023,55.25773],[25.47191,55.25483],[25.47714,55.25452],[25.48267,55.25743],[25.47952,55.25749],[25.48093,55.25867],[25.47965,55.25971],[25.4724,55.25814],[25.46921,55.26084],[25.46635,55.26047],[25.46597,55.26036]]]}},{"type":"Feature","properties":{"code":"LYFF-0171","name":"Mituvos hidrografinis draustinis","nr":171,"cdda_id":179032,"national_id":"0210300000031","founded":1988,"source":"cdda","matched_via":"exact"},"geometry":{"type":"Polygon","coordinates":[[[23.0334,55.18537],[23.03524,55.18682],[23.02892,55.18369],[23.02883,55.18481],[23.01914,55.18501],[23.01803,55.18629],[23.01144,55.18451],[23.00579,55.18617],[23.00598,55.18518],[23.00198,55.18501],[23.00116,55.18644],[22.99264,55.1827],[22.98865,55.18307],[22.98826,55.18425],[22.98775,55.18321],[22.9841,55.18382],[22.98499,55.18841],[22.98342,55.18787],[22.98295,55.18537],[22.9808,55.18488],[22.98216,55.18169],[22.98078,55.18069],[22.98752,55.17912],[22.98853,55.17992],[22.98425,55.18164],[22.99355,55.18117],[23.00843,55.18377],[23.0131,55.1814],[23.01919,55.18378],[23.01975,55.18266],[23.02475,55.1831],[23.0333,55.18018],[23.04118,55.17598],[23.04067,55.17405],[23.04218,55.17609],[23.04077,55.1768],[23.04344,55.1773],[23.03988,55.17783],[23.04615,55.17988],[23.06101,55.17955],[23.06551,55.17818],[23.06558,55.17587],[23.07429,55.17821],[23.06887,55.1782],[23.06386,55.18012],[23.06478,55.18146],[23.05157,55.18168],[23.05477,55.18422],[23.0496,55.18129],[23.04256,55.18046],[23.04285,55.18185],[23.04104,55.18021],[23.03716,55.1805],[23.03447,55.18149],[23.03585,55.18346],[23.03371,55.1818],[23.03057,55.18297],[23.03245,55.18472],[23.0334,55.18537]]]}},{"type":"Feature","properties":{"code":"LYFF-0172","name":"Novos hidrografinis draustinis","nr":172,"cdda_id":179033,"national_id":"0210300000021","founded":1988,"source":"cdda","matched_via":"exact"},"geometry":{"type":"Polygon","coordinates":[[[22.90427,54.87467],[22.90297,54.87267],[22.91281,54.87483],[22.92766,54.87404],[22.93223,54.87593],[22.93643,54.87385],[22.93351,54.87205],[22.93706,54.86789],[22.94254,54.8672],[22.94043,54.86559],[22.94241,54.86219],[22.94107,54.85685],[22.95147,54.86297],[22.9541,54.85886],[22.96187,54.85836],[22.96035,54.85636],[22.96214,54.85358],[22.97971,54.84756],[22.98069,54.84431],[22.985,54.8419],[23.0044,54.8378],[23.01542,54.8393],[23.02522,54.83529],[23.02678,54.83631],[23.02507,54.83793],[23.02675,54.84059],[23.01955,54.84172],[23.02048,54.84331],[23.0129,54.84123],[23.01183,54.84311],[22.99783,54.84469],[22.97264,54.85118],[22.97416,54.85201],[22.96751,54.85239],[22.96697,54.85418],[22.97514,54.85702],[22.97515,54.85948],[22.97329,54.85953],[22.97636,54.86178],[22.97737,54.86549],[22.97063,54.86659],[22.96924,54.86912],[22.9661,54.86788],[22.96596,54.86561],[22.95896,54.86508],[22.95474,54.86242],[22.95548,54.8638],[22.95048,54.86695],[22.94515,54.86041],[22.94399,54.86397],[22.94816,54.86704],[22.94645,54.86947],[22.93861,54.87172],[22.94021,54.87289],[22.93823,54.87352],[22.93922,54.87631],[22.93187,54.8773],[22.92499,54.87488],[22.92049,54.87657],[22.90609,54.87498],[22.90427,54.87467]]]}},{"type":"Feature","properties":{"code":"LYFF-0173","name":"Pyvesos hidrografinis draustinis","nr":173,"cdda_id":179035,"national_id":"0210300000004","founded":1992,"source":"cdda","matched_via":"exact"},"geometry":{"type":"Polygon","coordinates":[[[24.42873,56.02656],[24.43096,56.02067],[24.43414,56.01912],[24.43148,56.0153],[24.43376,56.01102],[24.42975,56.00725],[24.42501,55.99467],[24.42611,55.99013],[24.42448,55.98199],[24.42872,55.98324],[24.42943,55.97826],[24.42418,55.97113],[24.42993,55.97182],[24.43166,55.96707],[24.43837,55.9637],[24.43719,55.96064],[24.44529,55.95556],[24.44057,55.95318],[24.43875,55.94888],[24.44146,55.94227],[24.44797,55.94379],[24.45212,55.93981],[24.45903,55.94068],[24.46262,55.93697],[24.46209,55.93292],[24.47155,55.9327],[24.47438,55.93121],[24.47398,55.92748],[24.47788,55.92644],[24.47532,55.93252],[24.46399,55.9342],[24.46423,55.93719],[24.46654,55.93812],[24.46262,55.93822],[24.46012,55.94181],[24.45298,55.94114],[24.44952,55.9444],[24.44566,55.94486],[24.44636,55.94875],[24.44413,55.95144],[24.45021,55.95709],[24.44088,55.96122],[24.44187,55.9637],[24.43877,55.96843],[24.43812,55.97499],[24.43502,55.9766],[24.43428,55.98073],[24.43691,55.98287],[24.43589,55.98583],[24.43819,55.98591],[24.43619,55.98765],[24.43285,56.00086],[24.43601,56.00286],[24.43449,56.00423],[24.43603,56.00569],[24.44176,56.00676],[24.43729,56.0122],[24.43957,56.02008],[24.43192,56.02661],[24.42905,56.02659],[24.42873,56.02656]]]}},{"type":"Feature","properties":{"code":"LYFF-0174","name":"Plaštakos hidrografinis draustinis","nr":174,"cdda_id":179036,"national_id":"0210300000014","founded":1992,"source":"cdda","matched_via":"exact"},"geometry":{"type":"Polygon","coordinates":[[[25.05138,55.31444],[25.03959,55.31074],[25.03613,55.3147],[25.03029,55.31524],[25.0312,55.30863],[25.02247,55.3089],[25.02533,55.30731],[25.02275,55.30628],[25.02602,55.30657],[25.0256,55.30331],[25.02911,55.30243],[25.025,55.30125],[25.02868,55.296],[25.01129,55.2951],[25.01106,55.29016],[25.002,55.29023],[24.99891,55.28792],[24.99479,55.28976],[24.99474,55.28582],[24.99253,55.28792],[24.99025,55.28411],[24.98419,55.28435],[24.98708,55.28174],[24.98403,55.28238],[24.98502,55.27967],[24.9811,55.27439],[24.98615,55.27266],[24.98538,55.2768],[24.9921,55.27731],[24.99018,55.27704],[24.99476,55.28022],[24.99454,55.2828],[25.00488,55.28055],[25.01538,55.28249],[25.01961,55.28705],[25.02315,55.28533],[25.02044,55.28844],[25.0273,55.28935],[25.02685,55.29397],[25.03458,55.29161],[25.03346,55.29469],[25.03546,55.29466],[25.02918,55.2977],[25.03412,55.29661],[25.02982,55.2984],[25.03975,55.30114],[25.03405,55.3016],[25.03909,55.30304],[25.03201,55.30484],[25.0362,55.30844],[25.03992,55.30737],[25.0399,55.30949],[25.04794,55.31059],[25.0472,55.31353],[25.06128,55.3118],[25.06868,55.31436],[25.05914,55.3138],[25.05255,55.31691],[25.0505,55.3155],[25.05203,55.31438],[25.05138,55.31444]]]}},{"type":"Feature","properties":{"code":"LYFF-0175","name":"Smalvos hidrografinis draustinis","nr":175,"cdda_id":179037,"national_id":"0210300000009","founded":1988,"source":"cdda","matched_via":"exact"},"geometry":{"type":"Polygon","coordinates":[[[26.39226,55.64614],[26.39554,55.64575],[26.39635,55.6426],[26.40117,55.64327],[26.40771,55.63918],[26.41381,55.63931],[26.42117,55.6423],[26.44412,55.63366],[26.4466,55.6349],[26.44409,55.63694],[26.44833,55.63863],[26.44513,55.64112],[26.4539,55.64088],[26.45183,55.63943],[26.45682,55.63571],[26.47475,55.63417],[26.47411,55.63269],[26.47784,55.6317],[26.46948,55.62998],[26.47194,55.62874],[26.46207,55.62765],[26.4644,55.62362],[26.47161,55.62395],[26.47042,55.62283],[26.47252,55.62228],[26.47689,55.625],[26.48294,55.62435],[26.48382,55.62168],[26.49264,55.62078],[26.4908,55.61949],[26.49283,55.61888],[26.49149,55.61657],[26.49324,55.61611],[26.49739,55.62019],[26.49713,55.62419],[26.49465,55.62358],[26.4937,55.62625],[26.49168,55.62494],[26.48659,55.62724],[26.49544,55.6319],[26.49363,55.6332],[26.49523,55.63553],[26.49161,55.63792],[26.48881,55.63774],[26.48279,55.63239],[26.47878,55.63309],[26.47645,55.63654],[26.47078,55.63462],[26.47168,55.63788],[26.466,55.63822],[26.46869,55.63873],[26.46844,55.6416],[26.45196,55.64755],[26.44094,55.64475],[26.43861,55.64206],[26.43075,55.64169],[26.43114,55.64045],[26.40829,55.64731],[26.39666,55.64811],[26.39228,55.64639],[26.39226,55.64614]]]}},{"type":"Feature","properties":{"code":"LYFF-0176","name":"Spenglos hidrografinis draustinis","nr":176,"cdda_id":179038,"national_id":"0210300000027","founded":1988,"source":"cdda","matched_via":"exact"},"geometry":{"type":"Polygon","coordinates":[[[24.78804,54.32971],[24.78846,54.33243],[24.79366,54.33264],[24.78661,54.33784],[24.79397,54.33979],[24.78919,54.35376],[24.7841,54.35306],[24.7848,54.35797],[24.76132,54.36169],[24.76041,54.35939],[24.77288,54.3583],[24.78127,54.35279],[24.78552,54.3408],[24.76913,54.33925],[24.77016,54.33641],[24.78795,54.32964],[24.78804,54.32971]]]}},{"type":"Feature","properties":{"code":"LYFF-0177","name":"Šalčios hidrografinis draustinis","nr":177,"cdda_id":179039,"national_id":"0210300000028","founded":1988,"source":"cdda","matched_via":"exact"},"geometry":{"type":"Polygon","coordinates":[[[25.04846,54.32109],[25.04269,54.32402],[25.04095,54.32872],[25.03101,54.32826],[25.02838,54.33575],[25.01837,54.33203],[25.0107,54.33113],[25.00566,54.32903],[25.00336,54.33643],[24.99038,54.34046],[24.98586,54.33992],[24.97744,54.34181],[24.96428,54.34261],[24.96344,54.34127],[24.96177,54.34084],[24.9613,54.33934],[24.95759,54.34233],[24.954,54.34177],[24.95509,54.33849],[24.95771,54.33541],[24.98074,54.33191],[24.98219,54.33084],[24.98086,54.32742],[24.99559,54.32335],[24.99657,54.3222],[25.01478,54.32366],[25.01433,54.31758],[25.01704,54.31771],[25.01625,54.31709],[25.04548,54.31604],[25.04518,54.31819],[25.04833,54.321],[25.04846,54.32109]]]}},{"type":"Feature","properties":{"code":"LYFF-0178","name":"Šerkšnės hidrografinis draustinis","nr":178,"cdda_id":179040,"national_id":"0210300000002","founded":1992,"source":"cdda","matched_via":"exact"},"geometry":{"type":"Polygon","coordinates":[[[22.19763,56.29506],[22.19544,56.29635],[22.19649,56.29783],[22.19435,56.29751],[22.19441,56.29914],[22.19013,56.29922],[22.18343,56.30224],[22.18346,56.30505],[22.17794,56.30352],[22.17323,56.30417],[22.17096,56.30607],[22.16534,56.30716],[22.16514,56.30904],[22.16273,56.31118],[22.16488,56.31639],[22.17275,56.31549],[22.17855,56.31648],[22.17932,56.31777],[22.17543,56.31861],[22.17196,56.31652],[22.16323,56.3174],[22.16389,56.31642],[22.16172,56.31511],[22.16019,56.31013],[22.1628,56.30873],[22.16385,56.3061],[22.16259,56.30578],[22.17596,56.30291],[22.17969,56.30016],[22.18406,56.29989],[22.18456,56.29768],[22.18738,56.29938],[22.18907,56.29716],[22.19425,56.29624],[22.19546,56.29224],[22.19856,56.29091],[22.2035,56.28543],[22.20477,56.28659],[22.21138,56.28686],[22.21004,56.28547],[22.20711,56.28539],[22.20778,56.28316],[22.2254,56.28084],[22.21938,56.27665],[22.21355,56.26759],[22.21649,56.26742],[22.21941,56.26378],[22.21944,56.2619],[22.22401,56.26035],[22.22467,56.25785],[22.22662,56.25816],[22.21863,56.26926],[22.22269,56.27119],[22.21978,56.27325],[22.22018,56.27448],[22.23005,56.282],[22.2176,56.28732],[22.20406,56.28737],[22.19755,56.29302],[22.19761,56.29502],[22.19763,56.29506]]]}},{"type":"Feature","properties":{"code":"LYFF-0179","name":"Širvintos hidrografinis draustinis","nr":179,"cdda_id":62470,"national_id":"0210300000025","founded":1992,"source":"cdda","matched_via":"exact"},"geometry":{"type":"Polygon","coordinates":[[[22.98287,54.56839],[22.97817,54.5667],[22.97659,54.56335],[22.9637,54.56321],[22.96443,54.56066],[22.96267,54.5593],[22.95045,54.55909],[22.94798,54.55806],[22.94922,54.55674],[22.93915,54.5557],[22.93762,54.55369],[22.94302,54.5513],[22.94107,54.54926],[22.94794,54.54448],[22.94905,54.53979],[22.95283,54.53854],[22.95408,54.5401],[22.95744,54.53795],[22.95547,54.54063],[22.95029,54.54063],[22.95047,54.54472],[22.95259,54.54566],[22.9473,54.54701],[22.94166,54.55447],[22.94927,54.55545],[22.95093,54.55792],[22.96127,54.55789],[22.96426,54.55546],[22.96658,54.56054],[22.96494,54.5621],[22.97911,54.56248],[22.98087,54.5651],[22.99101,54.56782],[22.99431,54.57448],[22.99117,54.57627],[22.99642,54.57688],[22.99814,54.58151],[23.00152,54.583],[23.00057,54.5858],[23.00991,54.59037],[23.00919,54.59461],[23.00581,54.59779],[23.00734,54.59953],[23.00627,54.60125],[22.99623,54.60986],[22.99378,54.6097],[23.00077,54.60459],[22.99978,54.60224],[23.00631,54.59991],[23.00405,54.59734],[23.0085,54.59456],[23.00522,54.59172],[23.00737,54.59041],[22.99773,54.58502],[22.99424,54.57984],[22.98697,54.57758],[22.98761,54.57392],[22.99081,54.57349],[22.98645,54.56878],[22.98289,54.5684],[22.98287,54.56839]]]}},{"type":"Feature","properties":{"code":"LYFF-0180","name":"Šušvės hidrografinis draustinis","nr":180,"cdda_id":179041,"national_id":"0210300000010","founded":1992,"source":"cdda","matched_via":"exact"},"geometry":{"type":"Polygon","coordinates":[[[23.51659,55.65806],[23.51417,55.64548],[23.51832,55.64327],[23.51688,55.64127],[23.52274,55.64009],[23.52931,55.64111],[23.53431,55.63433],[23.54591,55.63433],[23.55356,55.63229],[23.55836,55.63319],[23.55722,55.62782],[23.56156,55.62606],[23.57237,55.62616],[23.57491,55.62707],[23.57622,55.62927],[23.57398,55.63359],[23.57662,55.63371],[23.57795,55.63585],[23.58056,55.63537],[23.58278,55.6324],[23.59056,55.62756],[23.58894,55.6272],[23.58844,55.6252],[23.5865,55.62452],[23.5867,55.62337],[23.59313,55.6208],[23.59729,55.62067],[23.5966,55.62212],[23.5916,55.62432],[23.59261,55.62603],[23.59237,55.62903],[23.58849,55.63109],[23.58908,55.63223],[23.58366,55.63378],[23.58406,55.63522],[23.58235,55.63624],[23.57119,55.63517],[23.56839,55.6331],[23.56577,55.63256],[23.56463,55.63048],[23.56018,55.62915],[23.55948,55.62983],[23.56122,55.63147],[23.56037,55.63448],[23.56131,55.63516],[23.55932,55.63885],[23.56004,55.63555],[23.55913,55.6345],[23.55492,55.63341],[23.54466,55.63517],[23.54349,55.6371],[23.53548,55.63658],[23.53138,55.64152],[23.53787,55.64162],[23.53689,55.6497],[23.53061,55.6494],[23.5327,55.66077],[23.52564,55.66683],[23.51823,55.66706],[23.5174,55.66253],[23.51659,55.65806]]]}},{"type":"Feature","properties":{"code":"LYFF-0181","name":"Vilkijos hidrografinis draustinis","nr":181,"cdda_id":179042,"national_id":"0210300000001","founded":1988,"source":"cdda","matched_via":"exact"},"geometry":{"type":"Polygon","coordinates":[[[23.39639,56.32803],[23.40019,56.32996],[23.40063,56.33313],[23.39254,56.33689],[23.40072,56.34174],[23.40027,56.3441],[23.40546,56.34705],[23.40595,56.34859],[23.41281,56.35202],[23.42033,56.35145],[23.42746,56.35474],[23.43557,56.35483],[23.428,56.35525],[23.4198,56.35338],[23.41248,56.35338],[23.40565,56.35077],[23.40527,56.34859],[23.39797,56.34552],[23.39969,56.34211],[23.39253,56.33882],[23.39059,56.33683],[23.39084,56.3353],[23.39911,56.33229],[23.39782,56.32974],[23.3953,56.32881],[23.39639,56.32803]]]}},{"type":"Feature","properties":{"code":"LYFF-0183","name":"Virintos hidrografinis draustinis","nr":183,"cdda_id":179043,"national_id":"0210300000033","founded":1992,"source":"cdda","matched_via":"exact"},"geometry":{"type":"Polygon","coordinates":[[[25.10925,55.40558],[25.09362,55.40015],[25.09857,55.39791],[25.10258,55.40047],[25.10233,55.39717],[25.10542,55.4],[25.10917,55.3989],[25.10678,55.39437],[25.11129,55.39853],[25.11615,55.3973],[25.11655,55.39413],[25.11937,55.39464],[25.11814,55.39207],[25.12129,55.39668],[25.12445,55.39654],[25.12171,55.39208],[25.12552,55.39412],[25.12578,55.39141],[25.12849,55.39174],[25.12544,55.38799],[25.13186,55.38608],[25.13055,55.38414],[25.13598,55.38442],[25.13543,55.3823],[25.14439,55.37698],[25.14244,55.3748],[25.1351,55.37596],[25.13724,55.37496],[25.13448,55.37377],[25.15489,55.37291],[25.14951,55.36942],[25.15256,55.36823],[25.15731,55.37001],[25.15894,55.37453],[25.16255,55.37404],[25.15946,55.37878],[25.16215,55.37758],[25.16549,55.38163],[25.16857,55.3809],[25.16539,55.3776],[25.16995,55.37498],[25.16863,55.37236],[25.17217,55.3743],[25.17699,55.37169],[25.18011,55.37405],[25.18313,55.37019],[25.17892,55.37755],[25.16856,55.37953],[25.17305,55.38463],[25.16126,55.38466],[25.15927,55.38042],[25.15313,55.37991],[25.1501,55.38146],[25.15925,55.38474],[25.14594,55.39085],[25.13927,55.39732],[25.12853,55.39705],[25.12801,55.39998],[25.11015,55.40511],[25.10925,55.40558]]]}},{"type":"Feature","properties":{"code":"LYFF-0185","name":"Visinčios hidrografinis draustinis","nr":185,"cdda_id":179045,"national_id":"0210300000026","founded":1988,"source":"cdda","matched_via":"exact"},"geometry":{"type":"Polygon","coordinates":[[[25.15495,54.36241],[25.15545,54.36087],[25.15277,54.36136],[25.15112,54.36051],[25.15425,54.35783],[25.17839,54.35402],[25.19536,54.35536],[25.21011,54.36049],[25.21977,54.36191],[25.2206,54.36549],[25.22581,54.36777],[25.22795,54.37004],[25.22927,54.36817],[25.23985,54.36989],[25.24154,54.36875],[25.262,54.36585],[25.27073,54.36774],[25.27195,54.36842],[25.27188,54.37118],[25.26825,54.36972],[25.25943,54.37111],[25.25748,54.37205],[25.25864,54.37309],[25.25618,54.37253],[25.25545,54.37379],[25.22955,54.37451],[25.22678,54.37375],[25.22401,54.37116],[25.20571,54.36562],[25.20494,54.36352],[25.19226,54.36048],[25.15653,54.36193],[25.15495,54.36241]]]}},{"type":"Feature","properties":{"code":"LYFF-0186","name":"Bartuvos ichtiologinis draustinis","nr":186,"cdda_id":179146,"national_id":"0210604000001","founded":1974,"source":"cdda","matched_via":"exact"},"geometry":{"type":"Polygon","coordinates":[[[21.52194,56.27968],[21.51906,56.28053],[21.51355,56.27898],[21.50908,56.28043],[21.50568,56.28316],[21.50084,56.28242],[21.50242,56.28456],[21.50213,56.2861],[21.49941,56.28684],[21.49674,56.28485],[21.49389,56.28468],[21.49454,56.28656],[21.49152,56.28879],[21.49377,56.28583],[21.49282,56.28434],[21.49621,56.28426],[21.49881,56.28618],[21.50094,56.28599],[21.50192,56.28482],[21.50038,56.28394],[21.50041,56.28196],[21.50536,56.28284],[21.51243,56.27825],[21.51473,56.27804],[21.51537,56.27918],[21.51817,56.27833],[21.51799,56.27954],[21.51946,56.28014],[21.52216,56.27911],[21.52438,56.27988],[21.52765,56.27825],[21.52821,56.27648],[21.53565,56.27707],[21.54138,56.27511],[21.54644,56.27646],[21.55136,56.27465],[21.55682,56.27459],[21.55691,56.27312],[21.56416,56.27208],[21.567,56.27286],[21.57065,56.27102],[21.5783,56.27229],[21.58128,56.27128],[21.58202,56.26916],[21.58,56.26854],[21.58168,56.26727],[21.58688,56.26729],[21.58885,56.26855],[21.59276,56.2676],[21.59747,56.26933],[21.60755,56.2664],[21.61017,56.26458],[21.61082,56.2626],[21.61412,56.26151],[21.61342,56.25917],[21.62056,56.25535],[21.62482,56.25538],[21.62459,56.25421],[21.6264,56.25269],[21.62984,56.25299],[21.62897,56.25129],[21.63058,56.25035],[21.63037,56.24923],[21.63685,56.24941],[21.63934,56.24653],[21.64216,56.24567],[21.64613,56.24644],[21.65367,56.24553],[21.655,56.24418],[21.65439,56.24173],[21.65525,56.24053],[21.66063,56.23932],[21.66096,56.23805],[21.65982,56.23704],[21.66122,56.23599],[21.65894,56.23499],[21.6604,56.23461],[21.66219,56.23544],[21.662,56.2368],[21.66358,56.23712],[21.66375,56.23842],[21.66224,56.23918],[21.66231,56.24093],[21.65679,56.24139],[21.65711,56.24455],[21.65518,56.24703],[21.64762,56.24796],[21.64139,56.24668],[21.64033,56.24724],[21.64167,56.24824],[21.63808,56.25114],[21.63204,56.25017],[21.63114,56.25382],[21.62597,56.25448],[21.62657,56.25552],[21.62513,56.25671],[21.6213,56.25591],[21.62013,56.25817],[21.61624,56.26026],[21.61646,56.2622],[21.61246,56.26221],[21.61062,56.26411],[21.61541,56.26597],[21.61928,56.26456],[21.63124,56.26384],[21.63469,56.26271],[21.63537,56.25998],[21.63872,56.25807],[21.63697,56.25688],[21.63832,56.25531],[21.64143,56.25524],[21.64268,56.25649],[21.64513,56.25428],[21.65039,56.25379],[21.65069,56.2529],[21.65452,56.25324],[21.65466,56.25418],[21.65924,56.25193],[21.66275,56.25278],[21.66379,56.25131],[21.66269,56.25089],[21.66411,56.24925],[21.66326,56.24866],[21.66519,56.24776],[21.66873,56.2484],[21.66797,56.24718],[21.67218,56.24771],[21.67402,56.24556],[21.67607,56.24594],[21.6781,56.24861],[21.68,56.24828],[21.67999,56.24931],[21.68443,56.24842],[21.6857,56.24917],[21.68379,56.24946],[21.68534,56.24996],[21.68795,56.24883],[21.69155,56.24989],[21.69312,56.24677],[21.69429,56.24814],[21.69815,56.24764],[21.70098,56.25048],[21.70484,56.25098],[21.7052,56.24971],[21.70774,56.24924],[21.70863,56.24496],[21.71193,56.24618],[21.71153,56.24703],[21.71295,56.2481],[21.72016,56.24746],[21.71607,56.24608],[21.71885,56.24525],[21.71822,56.24446],[21.71934,56.24359],[21.72157,56.24387],[21.72054,56.2426],[21.72123,56.24207],[21.7249,56.24289],[21.72936,56.24212],[21.7339,56.24519],[21.7367,56.24528],[21.74113,56.24739],[21.74389,56.24618],[21.74432,56.24792],[21.7461,56.247],[21.75073,56.24799],[21.75028,56.24692],[21.75147,56.24562],[21.75352,56.24655],[21.75884,56.24627],[21.76329,56.24754],[21.76799,56.25105],[21.77184,56.24971],[21.78181,56.25263],[21.78302,56.25417],[21.78425,56.25329],[21.79001,56.2543],[21.79073,56.25135],[21.79179,56.2511],[21.79854,56.2535],[21.79993,56.25251],[21.80502,56.25358],[21.80411,56.2545],[21.80509,56.25517],[21.80621,56.25338],[21.81056,56.25142],[21.81267,56.25187],[21.81228,56.25325],[21.81549,56.25337],[21.81856,56.25607],[21.83056,56.25444],[21.83224,56.25531],[21.82013,56.25749],[21.81232,56.2547],[21.81092,56.25247],[21.80871,56.25327],[21.80708,56.25652],[21.80232,56.25595],[21.80029,56.25343],[21.79934,56.25463],[21.79657,56.25504],[21.79236,56.25258],[21.79119,56.25552],[21.78732,56.25445],[21.78315,56.25533],[21.7804,56.25431],[21.78067,56.25337],[21.77719,56.25337],[21.77256,56.25136],[21.7672,56.25201],[21.7582,56.24717],[21.75273,56.24805],[21.75145,56.24664],[21.75028,56.24821],[21.74609,56.2471],[21.7444,56.24802],[21.74355,56.24624],[21.74106,56.24749],[21.73661,56.24537],[21.73379,56.24527],[21.72906,56.24216],[21.72492,56.24299],[21.7211,56.24219],[21.72172,56.24393],[21.71943,56.24367],[21.7184,56.24448],[21.719,56.24531],[21.71625,56.24607],[21.72043,56.24743],[21.7167,56.24855],[21.71257,56.24809],[21.71178,56.24624],[21.70852,56.2451],[21.7079,56.24927],[21.70532,56.24978],[21.70484,56.25108],[21.70087,56.25056],[21.69808,56.24773],[21.69419,56.24823],[21.69309,56.24687],[21.69161,56.24999],[21.68796,56.24893],[21.68528,56.25006],[21.68362,56.24949],[21.68553,56.24914],[21.68442,56.24852],[21.67994,56.24941],[21.67986,56.24834],[21.67799,56.24869],[21.67599,56.24604],[21.67416,56.24564],[21.67226,56.24779],[21.66801,56.24727],[21.66892,56.24843],[21.66523,56.24786],[21.6634,56.24872],[21.66429,56.24924],[21.66285,56.25092],[21.66396,56.25131],[21.66292,56.25284],[21.6579,56.25312],[21.65518,56.25472],[21.64843,56.25428],[21.64555,56.25534],[21.64451,56.25714],[21.64064,56.25705],[21.63755,56.25994],[21.63631,56.26329],[21.63024,56.26496],[21.61966,56.26512],[21.61871,56.26608],[21.61965,56.26701],[21.61709,56.26736],[21.611,56.26463],[21.60952,56.26525],[21.61087,56.26569],[21.60954,56.26655],[21.59832,56.26979],[21.59242,56.26843],[21.59125,56.26942],[21.58752,56.26927],[21.58372,56.26794],[21.58182,56.27012],[21.58256,56.27108],[21.57703,56.27285],[21.5715,56.27168],[21.56802,56.27314],[21.56296,56.27299],[21.55798,56.27433],[21.55702,56.27583],[21.55141,56.27544],[21.54711,56.27752],[21.54223,56.27569],[21.53625,56.27727],[21.53627,56.27838],[21.53325,56.27679],[21.52917,56.27683],[21.52589,56.27987],[21.52199,56.27966],[21.52194,56.27968]]]}},{"type":"Feature","properties":{"code":"LYFF-0187","name":"Dubysos ichtiologinis draustinis","nr":187,"cdda_id":179147,"national_id":"0210604000008","founded":1974,"source":"cdda","matched_via":"exact"},"geometry":{"type":"Polygon","coordinates":[[[23.44288,55.28675],[23.44624,55.27719],[23.45353,55.2723],[23.45191,55.26947],[23.45896,55.2664],[23.45959,55.26034],[23.48054,55.25173],[23.49959,55.24875],[23.50895,55.23047],[23.5109,55.21892],[23.50699,55.2155],[23.50965,55.21256],[23.5072,55.20417],[23.50344,55.20314],[23.50538,55.19584],[23.49279,55.18516],[23.47871,55.16245],[23.47797,55.15535],[23.48075,55.15204],[23.47644,55.14839],[23.48192,55.1454],[23.47762,55.13032],[23.48001,55.12498],[23.47245,55.12096],[23.47079,55.1132],[23.46243,55.11218],[23.45528,55.10686],[23.44105,55.09105],[23.44018,55.08422],[23.43151,55.08407],[23.41245,55.07456],[23.43187,55.08337],[23.44017,55.08316],[23.44208,55.09036],[23.44995,55.09583],[23.45456,55.10426],[23.47252,55.11253],[23.47411,55.12041],[23.48167,55.12429],[23.48039,55.14004],[23.48454,55.1452],[23.47822,55.1474],[23.48299,55.15215],[23.48068,55.16099],[23.49534,55.18612],[23.5079,55.19658],[23.50631,55.20004],[23.5115,55.2122],[23.51198,55.22689],[23.50447,55.24054],[23.50483,55.24621],[23.50008,55.25041],[23.48115,55.2524],[23.46083,55.26087],[23.45972,55.26673],[23.45315,55.26984],[23.45477,55.27269],[23.44409,55.28163],[23.4461,55.28444],[23.44329,55.2867],[23.44288,55.28675]]]}},{"type":"Feature","properties":{"code":"LYFF-0188","name":"Jūros ichtiologinis draustinis","nr":188,"cdda_id":179148,"national_id":"0210604000004","founded":1974,"source":"cdda","matched_via":"exact"},"geometry":{"type":"Polygon","coordinates":[[[22.19501,55.18044],[22.20022,55.17995],[22.19979,55.1846],[22.18657,55.19368],[22.18934,55.19871],[22.22154,55.20529],[22.21521,55.20668],[22.21662,55.21039],[22.22297,55.21022],[22.21913,55.21184],[22.22128,55.21482],[22.21718,55.21613],[22.22662,55.21945],[22.24404,55.22077],[22.25314,55.21824],[22.25281,55.21252],[22.2479,55.20853],[22.25713,55.20312],[22.26847,55.20716],[22.26639,55.21025],[22.27231,55.21279],[22.28429,55.21432],[22.2982,55.21224],[22.29618,55.20741],[22.31374,55.21076],[22.32138,55.20803],[22.31915,55.20565],[22.32116,55.20363],[22.33152,55.20114],[22.33556,55.20726],[22.34121,55.2073],[22.33775,55.21048],[22.33998,55.21599],[22.34503,55.21637],[22.35176,55.21144],[22.35819,55.21268],[22.35746,55.21495],[22.36922,55.2213],[22.36617,55.22459],[22.36857,55.22862],[22.37913,55.22954],[22.37673,55.23299],[22.38135,55.23797],[22.39901,55.23816],[22.41436,55.25099],[22.43298,55.25032],[22.43322,55.2467],[22.43657,55.24652],[22.43562,55.24273],[22.44852,55.24021],[22.44983,55.24348],[22.46295,55.24896],[22.46953,55.24911],[22.47283,55.24701],[22.47153,55.24303],[22.47636,55.24237],[22.48652,55.25044],[22.5068,55.24817],[22.50481,55.24941],[22.51071,55.25062],[22.50696,55.25247],[22.51312,55.25472],[22.51413,55.25099],[22.53456,55.25165],[22.54027,55.24753],[22.54779,55.25109],[22.54585,55.25398],[22.55217,55.25812],[22.55326,55.26268],[22.57917,55.25886],[22.58154,55.25948],[22.57868,55.26268],[22.58275,55.26455],[22.5908,55.26329],[22.59279,55.26751],[22.58483,55.26838],[22.57694,55.26437],[22.57682,55.261],[22.54735,55.26434],[22.55123,55.26968],[22.54402,55.27556],[22.5388,55.27534],[22.54296,55.27612],[22.54447,55.28107],[22.53305,55.28465],[22.53069,55.29278],[22.53769,55.29629],[22.53012,55.30325],[22.53959,55.30444],[22.5457,55.31522],[22.55301,55.3175],[22.57109,55.31312],[22.5779,55.31799],[22.57473,55.31968],[22.58535,55.32049],[22.57297,55.32122],[22.58036,55.32456],[22.60083,55.32414],[22.61313,55.31985],[22.62008,55.32216],[22.63482,55.31792],[22.64521,55.32562],[22.68085,55.33171],[22.68339,55.33626],[22.69148,55.33809],[22.69481,55.34297],[22.71383,55.34711],[22.7176,55.35817],[22.73542,55.37433],[22.73196,55.37876],[22.73471,55.39164],[22.72992,55.39903],[22.73295,55.40438],[22.74315,55.409],[22.74186,55.42516],[22.73937,55.42277],[22.74168,55.40971],[22.73061,55.40505],[22.72849,55.39904],[22.73337,55.39089],[22.73083,55.37711],[22.7348,55.3748],[22.72493,55.36993],[22.725,55.36635],[22.71998,55.36419],[22.72044,55.36118],[22.70743,55.34662],[22.69489,55.34489],[22.69013,55.33859],[22.68034,55.33615],[22.68011,55.33243],[22.64599,55.32724],[22.6337,55.32074],[22.57958,55.32662],[22.57071,55.3235],[22.56846,55.32003],[22.5729,55.31774],[22.56777,55.3171],[22.55998,55.32106],[22.55275,55.31883],[22.55585,55.32285],[22.55249,55.32358],[22.54341,55.31645],[22.54028,55.31863],[22.54267,55.31581],[22.53629,55.31358],[22.53537,55.31112],[22.53902,55.31044],[22.53789,55.30448],[22.52542,55.30649],[22.52429,55.30361],[22.53084,55.30055],[22.5272,55.29489],[22.52173,55.29354],[22.52575,55.28627],[22.53355,55.28091],[22.54285,55.2822],[22.54295,55.27841],[22.53659,55.27391],[22.54798,55.27125],[22.54564,55.26473],[22.55012,55.26135],[22.5453,55.25197],[22.54017,55.2487],[22.53519,55.25257],[22.50588,55.25593],[22.50156,55.25021],[22.49698,55.25026],[22.498,55.25247],[22.49471,55.25367],[22.4823,55.25073],[22.47838,55.24433],[22.473,55.24433],[22.47156,55.24986],[22.4614,55.25152],[22.45849,55.24674],[22.44473,55.24508],[22.44901,55.24457],[22.44715,55.24086],[22.43789,55.2434],[22.44116,55.24652],[22.43452,55.24801],[22.43484,55.25046],[22.42587,55.25315],[22.4139,55.25184],[22.39835,55.24034],[22.38657,55.23667],[22.38233,55.23962],[22.3749,55.23242],[22.37659,55.22922],[22.36792,55.22918],[22.36519,55.22458],[22.36774,55.22143],[22.35605,55.21563],[22.35477,55.21217],[22.34939,55.21273],[22.34582,55.21715],[22.33902,55.21668],[22.33591,55.21068],[22.3376,55.20838],[22.33009,55.2038],[22.32212,55.20442],[22.3226,55.20843],[22.31421,55.21133],[22.29695,55.20802],[22.29826,55.21288],[22.28382,55.2158],[22.26515,55.21027],[22.26758,55.20818],[22.26203,55.208],[22.25864,55.20404],[22.24921,55.20905],[22.25354,55.21227],[22.25401,55.21873],[22.2589,55.22486],[22.26558,55.21932],[22.27198,55.22084],[22.27132,55.22422],[22.25961,55.23129],[22.26771,55.23879],[22.28363,55.24656],[22.27908,55.25211],[22.28203,55.24677],[22.25802,55.23234],[22.2697,55.22337],[22.26883,55.22011],[22.25992,55.22635],[22.25434,55.21969],[22.24334,55.22189],[22.22159,55.21969],[22.21612,55.22262],[22.2117,55.20548],[22.18695,55.19855],[22.18404,55.19364],[22.19102,55.18839],[22.18797,55.17995],[22.16975,55.17705],[22.16398,55.17881],[22.15721,55.17649],[22.15484,55.17173],[22.14886,55.17079],[22.15109,55.16584],[22.15675,55.16505],[22.15285,55.16388],[22.15453,55.15411],[22.15165,55.14902],[22.15721,55.1408],[22.18754,55.13786],[22.20593,55.13045],[22.1974,55.11296],[22.18708,55.11239],[22.18086,55.10607],[22.17246,55.10805],[22.16526,55.10205],[22.15736,55.10078],[22.16443,55.09514],[22.16663,55.08902],[22.15704,55.08763],[22.15544,55.08016],[22.14226,55.07326],[22.1571,55.0661],[22.14135,55.06887],[22.14337,55.07095],[22.14114,55.0719],[22.13418,55.06277],[22.13383,55.04823],[22.13983,55.05054],[22.1351,55.05591],[22.14001,55.06097],[22.14069,55.06725],[22.15007,55.06325],[22.15888,55.06587],[22.15828,55.06872],[22.14654,55.07341],[22.15966,55.07979],[22.15882,55.08672],[22.16872,55.08782],[22.16611,55.09615],[22.16049,55.09937],[22.1663,55.10058],[22.17275,55.10688],[22.18274,55.10539],[22.18971,55.11071],[22.19883,55.11248],[22.20471,55.11938],[22.20354,55.12381],[22.20709,55.13165],[22.18783,55.13875],[22.1587,55.14152],[22.15383,55.14979],[22.15898,55.1527],[22.15605,55.16135],[22.16613,55.1636],[22.15245,55.17018],[22.16328,55.17264],[22.16,55.17405],[22.16258,55.17663],[22.18498,55.17663],[22.1911,55.18117],[22.19499,55.18044],[22.19501,55.18044]]]}},{"type":"Feature","properties":{"code":"LYFF-0189","name":"Karklės kraštovaizdžio draustinis","nr":189,"cdda_id":179149,"national_id":"0230100000227","founded":1974,"source":"cdda","matched_via":"exact"},"geometry":{"type":"Polygon","coordinates":[[[23.62231,55.0021],[23.62134,55.00306],[23.61984,55.0027],[23.6193,55.00342],[23.61729,55.004],[23.6156,55.00244],[23.61212,55.00219],[23.61185,55.00275],[23.60718,55.00426],[23.60589,55.00335],[23.60338,55.00359],[23.60285,55.00317],[23.60322,55.00264],[23.59953,55.00122],[23.59453,55.00125],[23.59518,55.00037],[23.60252,54.99986],[23.60671,55.00053],[23.61201,54.99871],[23.61369,54.99925],[23.61637,54.99901],[23.61712,54.99978],[23.61874,54.99938],[23.61922,54.99973],[23.61855,55.00039],[23.61902,55.00089],[23.62403,55.00123],[23.62362,55.0021],[23.62233,55.0021],[23.62231,55.0021]]]}},{"type":"Feature","properties":{"code":"LYFF-0190","name":"Merkio ichtiologinis draustinis","nr":190,"cdda_id":62474,"national_id":"0210604000005","founded":1974,"source":"cdda","matched_via":"exact"},"geometry":{"type":"Polygon","coordinates":[[[25.4406,54.47535],[25.32951,54.43522],[25.22102,54.43492],[25.20024,54.4217],[25.08847,54.453],[24.95492,54.43526],[24.92179,54.42562],[24.91212,54.39771],[24.8706,54.36564],[24.78768,54.33627],[24.77196,54.31434],[24.63308,54.30729],[24.63813,54.29284],[24.58762,54.27749],[24.56798,54.24674],[24.44763,54.22933],[24.3925,54.20294],[24.39642,54.1913],[24.34459,54.17683],[24.39655,54.18907],[24.4013,54.2044],[24.55506,54.20153],[24.41269,54.20213],[24.45025,54.22894],[24.57189,54.24692],[24.64475,54.23055],[24.56872,54.25497],[24.58962,54.27755],[24.63622,54.28801],[24.62851,54.30542],[24.65341,54.29795],[24.6643,54.31175],[24.83399,54.30462],[24.79988,54.25138],[24.81294,54.26936],[24.85731,54.23634],[24.8122,54.27162],[24.83497,54.30509],[24.77274,54.31336],[24.79347,54.3353],[24.87054,54.36244],[24.91323,54.39668],[24.92262,54.42496],[24.95644,54.43502],[25.08786,54.45171],[25.19849,54.42045],[25.33032,54.43442],[25.43802,54.47409],[25.46584,54.47357],[25.489,54.44175],[25.52438,54.45224],[25.52663,54.43497],[25.55883,54.42184],[25.62203,54.44795],[25.56068,54.42253],[25.52861,54.43549],[25.52313,54.4536],[25.4896,54.44273],[25.47095,54.47206],[25.44131,54.47501],[25.4406,54.47535]],[[25.31976,54.43536],[25.31982,54.43566],[25.32031,54.43528],[25.32056,54.43519],[25.32137,54.43496],[25.32132,54.43478],[25.32098,54.43466],[25.32062,54.43443],[25.31921,54.43366],[25.31882,54.43404],[25.31935,54.43453],[25.31959,54.43507],[25.31976,54.43536]]]}},{"type":"Feature","properties":{"code":"LYFF-0192","name":"Šventosios ichtiologinis draustinis","nr":192,"cdda_id":179150,"national_id":"0210604000003","founded":1974,"source":"cdda","matched_via":"exact"},"geometry":{"type":"Polygon","coordinates":[[[24.93114,55.4231],[24.93354,55.41668],[24.91913,55.39387],[24.89897,55.37568],[24.90115,55.35667],[24.88973,55.34557],[24.89506,55.33128],[24.88832,55.31988],[24.89007,55.30854],[24.87287,55.30657],[24.84835,55.29232],[24.8547,55.28511],[24.8412,55.27085],[24.84647,55.2678],[24.82457,55.25666],[24.77666,55.25165],[24.74963,55.2406],[24.74959,55.23546],[24.72008,55.2194],[24.69429,55.18403],[24.6385,55.16489],[24.62151,55.14562],[24.56858,55.13517],[24.56958,55.12962],[24.55916,55.12242],[24.56131,55.11515],[24.5532,55.11409],[24.54971,55.09778],[24.43027,55.07661],[24.39979,55.08036],[24.38456,55.09291],[24.35036,55.09467],[24.38447,55.09163],[24.39938,55.07876],[24.43042,55.07523],[24.45742,55.08399],[24.5458,55.09325],[24.55492,55.09938],[24.55465,55.11365],[24.563,55.11496],[24.57183,55.13466],[24.62126,55.14402],[24.64067,55.16426],[24.69502,55.1833],[24.72209,55.21853],[24.73921,55.22504],[24.73719,55.22905],[24.75617,55.24215],[24.82562,55.25562],[24.84769,55.26691],[24.84464,55.27309],[24.85698,55.28485],[24.85133,55.29234],[24.89245,55.30871],[24.89753,55.33022],[24.89216,55.34538],[24.90257,55.35639],[24.89898,55.36789],[24.93438,55.41357],[24.93134,55.42286],[24.93114,55.4231]]]}},{"type":"Feature","properties":{"code":"LYFF-0193","name":"Veiviržo ichtiologinis draustinis","nr":193,"cdda_id":179151,"national_id":"0210604000006","founded":1998,"source":"cdda","matched_via":"exact"},"geometry":{"type":"Polygon","coordinates":[[[21.60787,55.71234],[21.58768,55.70979],[21.56269,55.69862],[21.57679,55.69499],[21.58545,55.68041],[21.59416,55.67764],[21.5914,55.66588],[21.58606,55.66212],[21.59546,55.65815],[21.5975,55.64849],[21.60295,55.64442],[21.60035,55.63321],[21.60377,55.62945],[21.59787,55.62187],[21.60358,55.61502],[21.5987,55.61389],[21.60153,55.60873],[21.59623,55.60429],[21.60405,55.60084],[21.60093,55.59622],[21.58503,55.59007],[21.56999,55.58836],[21.56902,55.59187],[21.56482,55.5915],[21.56318,55.58692],[21.55268,55.58435],[21.55289,55.57984],[21.54453,55.58037],[21.53011,55.5723],[21.53128,55.5653],[21.51794,55.56174],[21.52278,55.56046],[21.52333,55.55664],[21.51797,55.55693],[21.52565,55.54882],[21.51799,55.54729],[21.51943,55.54251],[21.51184,55.53909],[21.51961,55.53622],[21.52023,55.52898],[21.51194,55.52901],[21.51247,55.52427],[21.50123,55.51845],[21.49508,55.5237],[21.48812,55.52379],[21.48648,55.53084],[21.47497,55.53193],[21.47927,55.53528],[21.46537,55.53426],[21.46595,55.52929],[21.45416,55.52902],[21.45192,55.52483],[21.43392,55.52144],[21.4344,55.52569],[21.42999,55.52892],[21.41526,55.53288],[21.4417,55.53424],[21.45786,55.54081],[21.4727,55.54932],[21.47175,55.56551],[21.48919,55.56615],[21.49104,55.57497],[21.47643,55.5844],[21.45995,55.62328],[21.48001,55.62568],[21.51824,55.61813],[21.52636,55.62516],[21.55363,55.62425],[21.55934,55.62744],[21.55763,55.62943],[21.56905,55.63219],[21.56715,55.63618],[21.56725,55.63273],[21.55637,55.63013],[21.55757,55.62768],[21.55287,55.62529],[21.52597,55.62607],[21.51656,55.61912],[21.48025,55.62667],[21.45867,55.62394],[21.4746,55.58412],[21.48922,55.57474],[21.4875,55.56661],[21.47023,55.56603],[21.46784,55.56183],[21.47068,55.54962],[21.46753,55.54629],[21.42829,55.53323],[21.3984,55.53805],[21.38475,55.5316],[21.38827,55.52663],[21.38003,55.52342],[21.38073,55.51929],[21.3752,55.52278],[21.3697,55.52107],[21.36758,55.51575],[21.36087,55.51846],[21.34595,55.50431],[21.35487,55.5082],[21.35824,55.51542],[21.37075,55.51596],[21.37456,55.5215],[21.38163,55.51812],[21.38131,55.52316],[21.3901,55.52633],[21.38665,55.53155],[21.3956,55.53279],[21.39911,55.53722],[21.40275,55.53691],[21.40288,55.53321],[21.42741,55.52812],[21.43416,55.52015],[21.45192,55.52373],[21.45387,55.52875],[21.46634,55.52923],[21.46541,55.53408],[21.47886,55.53515],[21.47462,55.53185],[21.48622,55.53071],[21.48806,55.52358],[21.49488,55.52356],[21.50107,55.51834],[21.50924,55.52396],[21.52088,55.52437],[21.52511,55.51753],[21.52098,55.51596],[21.52157,55.51238],[21.54233,55.50791],[21.55569,55.49695],[21.55355,55.4951],[21.5596,55.49358],[21.55588,55.49026],[21.5611,55.48742],[21.56019,55.48196],[21.57195,55.47534],[21.58671,55.47361],[21.6,55.4831],[21.63378,55.47858],[21.60004,55.48498],[21.58574,55.47476],[21.56029,55.48204],[21.56125,55.48744],[21.55604,55.49026],[21.55955,55.49381],[21.55384,55.4951],[21.5558,55.49698],[21.53867,55.51014],[21.52337,55.51102],[21.52068,55.51416],[21.52524,55.51749],[21.52268,55.52271],[21.51302,55.52452],[21.51213,55.52884],[21.52027,55.52885],[21.51834,55.5323],[21.52254,55.53349],[21.51205,55.53908],[21.5197,55.5425],[21.51808,55.54708],[21.52588,55.54873],[21.51825,55.55695],[21.52343,55.55646],[21.52301,55.5604],[21.53378,55.56436],[21.53368,55.57152],[21.53775,55.57454],[21.55708,55.5825],[21.58985,55.56437],[21.61442,55.56607],[21.63409,55.55142],[21.65292,55.55356],[21.66597,55.56163],[21.6805,55.55783],[21.69239,55.55913],[21.71953,55.57688],[21.72195,55.58481],[21.7195,55.58573],[21.72887,55.597],[21.72432,55.59935],[21.72781,55.60184],[21.72477,55.60963],[21.72054,55.61123],[21.72888,55.61451],[21.72334,55.61737],[21.72517,55.6254],[21.71422,55.62962],[21.71576,55.63608],[21.70717,55.63836],[21.70668,55.64578],[21.69152,55.65257],[21.698,55.65615],[21.69731,55.66137],[21.68071,55.66511],[21.67513,55.67228],[21.6784,55.66566],[21.69592,55.66169],[21.69722,55.65649],[21.69053,55.65216],[21.70459,55.64586],[21.70553,55.63804],[21.71432,55.6356],[21.71321,55.62856],[21.72382,55.62412],[21.721,55.61831],[21.72638,55.61433],[21.71901,55.61111],[21.72401,55.6095],[21.72565,55.6032],[21.72013,55.59891],[21.72601,55.59717],[21.72155,55.59559],[21.72299,55.59065],[21.71565,55.57694],[21.68992,55.5603],[21.66631,55.56319],[21.65135,55.55473],[21.63438,55.55212],[21.63573,55.55477],[21.62211,55.56521],[21.59435,55.56592],[21.57141,55.57378],[21.55778,55.58488],[21.56512,55.5862],[21.56678,55.59033],[21.56608,55.58741],[21.59201,55.58434],[21.61202,55.57545],[21.64093,55.57234],[21.64727,55.5786],[21.68414,55.58966],[21.6959,55.6002],[21.69436,55.60572],[21.69888,55.61179],[21.69235,55.61964],[21.69081,55.61668],[21.69727,55.61136],[21.69277,55.60595],[21.69384,55.60067],[21.6814,55.59009],[21.6463,55.58003],[21.6395,55.57312],[21.61276,55.57631],[21.59946,55.5826],[21.61981,55.58618],[21.62078,55.59065],[21.63248,55.598],[21.6314,55.62205],[21.62445,55.63704],[21.62895,55.63968],[21.62297,55.65197],[21.63005,55.65385],[21.66109,55.64407],[21.66961,55.64481],[21.63262,55.65424],[21.6226,55.6534],[21.62256,55.64378],[21.6271,55.63975],[21.62288,55.63739],[21.62351,55.62995],[21.62988,55.62209],[21.63194,55.59807],[21.61764,55.58728],[21.59734,55.5834],[21.58363,55.5865],[21.57993,55.58941],[21.60457,55.59627],[21.6048,55.60241],[21.59709,55.60405],[21.60323,55.60847],[21.60038,55.61349],[21.60575,55.61503],[21.59971,55.6217],[21.60565,55.62921],[21.60213,55.63321],[21.60473,55.64448],[21.59635,55.65974],[21.58778,55.66224],[21.59469,55.66653],[21.59517,55.67898],[21.58671,55.68069],[21.57948,55.69502],[21.56486,55.69853],[21.60359,55.71154],[21.64986,55.71133],[21.66641,55.70822],[21.67102,55.70365],[21.68092,55.70582],[21.6845,55.70287],[21.70045,55.70346],[21.70292,55.70743],[21.71294,55.7093],[21.72473,55.70605],[21.71659,55.71078],[21.70179,55.70818],[21.6997,55.70431],[21.68489,55.70388],[21.68081,55.70695],[21.6758,55.70427],[21.65231,55.71234],[21.60788,55.71233],[21.60787,55.71234]]]}},{"type":"Feature","properties":{"code":"LYFF-0195","name":"Žeimenos ichtiologinis draustinis","nr":195,"cdda_id":179153,"national_id":"0210604000010","founded":1974,"source":"cdda","matched_via":"exact"},"geometry":{"type":"Polygon","coordinates":[[[25.97912,55.2004],[25.98592,55.17648],[25.98329,55.14668],[25.95762,55.11336],[25.94589,55.10952],[25.95133,55.10382],[25.94232,55.09231],[25.86317,55.05961],[25.87378,55.05348],[25.86725,55.05068],[25.87121,55.03244],[25.80655,55.024],[25.80945,55.00261],[25.80165,54.99376],[25.72007,54.96192],[25.66664,54.94938],[25.64067,54.92976],[25.64936,54.92651],[25.63798,54.91697],[25.63979,54.89998],[25.63977,54.91594],[25.65095,54.92659],[25.64336,54.92967],[25.6503,54.93611],[25.81109,54.99777],[25.8089,55.02353],[25.84532,55.02817],[25.86136,55.01983],[25.87871,55.02134],[25.89856,55.01058],[25.88244,54.99434],[25.91031,54.98584],[25.88336,54.99535],[25.89968,55.00383],[25.89407,55.00771],[25.89817,55.01477],[25.84873,55.02871],[25.87164,55.0324],[25.87382,55.04449],[25.86758,55.05063],[25.87363,55.05292],[25.90774,55.04682],[25.91401,55.03817],[25.94632,55.05076],[25.91473,55.03912],[25.90815,55.04766],[25.86322,55.05912],[25.88981,55.06946],[25.8912,55.07601],[25.89993,55.07176],[25.93564,55.08777],[25.95234,55.1038],[25.94852,55.10768],[25.97169,55.12203],[25.97071,55.13276],[25.97977,55.13689],[25.99112,55.161],[25.98856,55.19119],[25.97939,55.20024],[25.97912,55.2004]]]}},{"type":"Feature","properties":{"code":"LYFF-0244","name":"Cimakavo ornitologinis draustinis","nr":244,"cdda_id":179135,"national_id":"0210602000006","founded":1998,"source":"cdda","matched_via":"exact"},"geometry":{"type":"Polygon","coordinates":[[[24.13617,53.99083],[24.1408,53.99154],[24.16216,53.99454],[24.17437,53.99633],[24.16978,54.00852],[24.16967,54.00856],[24.13071,54.00316],[24.13067,54.00304],[24.13418,53.99536],[24.13497,53.99344],[24.13617,53.99083]]]}},{"type":"Feature","properties":{"code":"LYFF-0245","name":"Čedaso ornitologinis draustinis","nr":245,"cdda_id":330644,"national_id":"0210602000009","founded":2005,"source":"cdda","matched_via":"exact"},"geometry":{"type":"Polygon","coordinates":[[[25.42916,56.11621],[25.4248,56.12317],[25.4169,56.12104],[25.42031,56.1185],[25.41196,56.11697],[25.41166,56.11291],[25.41471,56.11068],[25.41376,56.10713],[25.4289,56.10965],[25.42935,56.11609],[25.42916,56.11621]]]}},{"type":"Feature","properties":{"code":"LYFF-0246","name":"Kazimieravo ornitologinis draustinis","nr":246,"cdda_id":330645,"national_id":"0210602000010","founded":2005,"source":"cdda","matched_via":"exact"},"geometry":{"type":"Polygon","coordinates":[[[25.18538,54.94102],[25.1856,54.94169],[25.18134,54.94549],[25.18467,54.94664],[25.18708,54.94851],[25.18568,54.94877],[25.18406,54.94722],[25.18038,54.9454],[25.17845,54.9457],[25.17682,54.94493],[25.17548,54.94582],[25.17387,54.94396],[25.16982,54.94417],[25.1666,54.94359],[25.16574,54.94299],[25.16659,54.94207],[25.16588,54.94122],[25.16382,54.9406],[25.16779,54.94022],[25.16836,54.93786],[25.16982,54.93709],[25.16976,54.93613],[25.17058,54.9358],[25.17117,54.93425],[25.16974,54.93363],[25.16984,54.9329],[25.16884,54.93225],[25.17003,54.93171],[25.17032,54.9296],[25.17192,54.92937],[25.17153,54.92873],[25.17189,54.92858],[25.17351,54.92924],[25.17532,54.92823],[25.17873,54.92869],[25.17937,54.92985],[25.17886,54.93046],[25.18243,54.93089],[25.18135,54.93251],[25.17968,54.93375],[25.17854,54.93589],[25.17581,54.93723],[25.17727,54.94011],[25.1778,54.94331],[25.17977,54.94262],[25.1809,54.94278],[25.18075,54.94214],[25.18206,54.94222],[25.18165,54.94143],[25.18259,54.94116],[25.18201,54.94069],[25.1832,54.93985],[25.18276,54.9391],[25.18226,54.93929],[25.17831,54.93714],[25.18142,54.93452],[25.18612,54.93534],[25.18408,54.93693],[25.18542,54.93902],[25.18502,54.93984],[25.18538,54.94102]]]}},{"type":"Feature","properties":{"code":"LYFF-0247","name":"Niedaus ornitologinis draustinis","nr":247,"cdda_id":330646,"national_id":"0210602000011","founded":2005,"source":"cdda","matched_via":"exact"},"geometry":{"type":"Polygon","coordinates":[[[23.58873,54.02481],[23.58538,54.02427],[23.58391,54.02358],[23.58489,54.02302],[23.58501,54.02101],[23.583,54.02177],[23.58368,54.02344],[23.58164,54.02357],[23.58017,54.02232],[23.57915,54.0208],[23.57551,54.01953],[23.57491,54.01902],[23.57466,54.01812],[23.57322,54.01797],[23.57015,54.01661],[23.56865,54.01643],[23.56851,54.016],[23.56917,54.01567],[23.56855,54.01419],[23.57056,54.01275],[23.5715,54.01307],[23.57142,54.01397],[23.5732,54.01491],[23.57683,54.01589],[23.57742,54.01522],[23.57612,54.01481],[23.5766,54.01448],[23.58086,54.01485],[23.58213,54.0137],[23.58359,54.01378],[23.58569,54.0131],[23.58808,54.01324],[23.58832,54.01308],[23.58801,54.01254],[23.58862,54.01254],[23.58865,54.01212],[23.59047,54.01251],[23.59085,54.01359],[23.59306,54.01337],[23.5939,54.0131],[23.59475,54.01203],[23.59621,54.01168],[23.59885,54.01013],[23.5997,54.01017],[23.60094,54.01084],[23.60132,54.01166],[23.59678,54.01453],[23.5941,54.01408],[23.59199,54.01493],[23.59071,54.01459],[23.5895,54.01498],[23.5895,54.01559],[23.5903,54.01571],[23.58899,54.01681],[23.58906,54.01831],[23.59034,54.02067],[23.58908,54.02106],[23.58862,54.02263],[23.58758,54.02332],[23.58822,54.02446],[23.58873,54.02481]]]}},{"type":"Feature","properties":{"code":"LYFF-0249","name":"Papio ornitologinis draustinis","nr":249,"cdda_id":179137,"national_id":"0210602000003","founded":1992,"source":"cdda","matched_via":"exact"},"geometry":{"type":"Polygon","coordinates":[[[25.14635,54.49618],[25.1457,54.49456],[25.13898,54.49062],[25.12113,54.48791],[25.12257,54.46976],[25.12366,54.46933],[25.12501,54.47068],[25.13397,54.47097],[25.13443,54.47003],[25.1368,54.47086],[25.14126,54.47868],[25.14477,54.48224],[25.144,54.48238],[25.14415,54.48593],[25.14637,54.48644],[25.14532,54.48681],[25.14836,54.49008],[25.14933,54.49577],[25.14731,54.49631],[25.14635,54.49618]]]}},{"type":"Feature","properties":{"code":"LYFF-0250","name":"Pertako ornitologinis draustinis","nr":250,"cdda_id":179138,"national_id":"0210602000007","founded":1998,"source":"cdda","matched_via":"exact"},"geometry":{"type":"Polygon","coordinates":[[[23.65972,53.93379],[23.66755,53.94092],[23.65687,53.94511],[23.65995,53.94774],[23.66142,53.94918],[23.6451,53.95003],[23.62917,53.93576],[23.6266,53.93676],[23.61698,53.92793],[23.61719,53.92783],[23.61719,53.92762],[23.61751,53.9275],[23.62497,53.92803],[23.63054,53.92782],[23.63544,53.93081],[23.64741,53.93415],[23.65205,53.93497],[23.65686,53.93464],[23.65693,53.93451],[23.65764,53.93458],[23.65843,53.93429],[23.65837,53.93405],[23.65846,53.93393],[23.6597,53.9338],[23.65972,53.93379]]]}},{"type":"Feature","properties":{"code":"LYFF-0251","name":"Senosios Rusnės ornitologinis draustinis","nr":251,"cdda_id":330647,"national_id":"0210602000008","founded":2005,"source":"cdda","matched_via":"exact"},"geometry":{"type":"MultiPolygon","coordinates":[[[[21.78047,55.14141],[21.779,55.14144],[21.77754,55.1417],[21.77485,55.14156],[21.7732,55.14291],[21.77291,55.14337],[21.7732,55.14384],[21.7748,55.14411],[21.77759,55.14438],[21.78108,55.14436],[21.78147,55.14461],[21.78178,55.14518],[21.78141,55.14582],[21.78113,55.14594],[21.78058,55.14567],[21.78085,55.14521],[21.77992,55.14489],[21.77731,55.14491],[21.7746,55.14465],[21.77379,55.14442],[21.77232,55.14438],[21.77181,55.1442],[21.77159,55.14377],[21.77211,55.14283],[21.77351,55.14162],[21.77424,55.14123],[21.77397,55.14087],[21.77178,55.14042],[21.77043,55.14036],[21.76916,55.14191],[21.76734,55.14278],[21.76486,55.14352],[21.76169,55.14338],[21.76098,55.14321],[21.76079,55.143],[21.76117,55.14261],[21.76398,55.14277],[21.76613,55.14213],[21.76775,55.14141],[21.76905,55.13991],[21.77044,55.13939],[21.77039,55.1392],[21.76896,55.13822],[21.76832,55.13634],[21.76692,55.13525],[21.76642,55.13405],[21.76599,55.13361],[21.76617,55.13328],[21.7661,55.13296],[21.76639,55.1328],[21.76843,55.13394],[21.77007,55.13524],[21.77078,55.13651],[21.77042,55.13761],[21.77128,55.13838],[21.77594,55.13966],[21.78023,55.13976],[21.78167,55.14138],[21.78108,55.14163],[21.78048,55.14146],[21.78047,55.14141]]],[[[21.7299,55.14929],[21.73095,55.14919],[21.73143,55.14882],[21.72734,55.14721],[21.72691,55.14639],[21.72598,55.14584],[21.72589,55.14547],[21.72641,55.14539],[21.73244,55.14795],[21.7374,55.14852],[21.73946,55.14828],[21.7407,55.1477],[21.7408,55.14737],[21.73985,55.14637],[21.73697,55.1451],[21.73706,55.14483],[21.73751,55.14483],[21.73694,55.14417],[21.73703,55.14389],[21.73779,55.14395],[21.73893,55.14501],[21.74053,55.14576],[21.74161,55.14597],[21.74215,55.14561],[21.74326,55.14338],[21.74285,55.14203],[21.73989,55.1401],[21.73657,55.13909],[21.73679,55.13874],[21.73603,55.13808],[21.73614,55.13786],[21.74339,55.13952],[21.74499,55.14052],[21.74596,55.14283],[21.74815,55.14335],[21.74833,55.14225],[21.7473,55.13859],[21.74796,55.13847],[21.74956,55.13977],[21.74924,55.1404],[21.74969,55.14133],[21.74977,55.14238],[21.74913,55.14437],[21.74908,55.14562],[21.74836,55.14573],[21.74813,55.14532],[21.74829,55.1446],[21.74719,55.14371],[21.74622,55.14353],[21.74478,55.14501],[21.74433,55.14797],[21.74477,55.1488],[21.74413,55.14936],[21.74068,55.15006],[21.73785,55.14986],[21.73478,55.15009],[21.7303,55.14992],[21.7297,55.14963],[21.72985,55.1493],[21.7299,55.14929]]]]}},{"type":"Feature","properties":{"code":"LYFF-0252","name":"Sulinkių ornitologinis draustinis","nr":252,"cdda_id":179139,"national_id":"0210602000001","founded":1992,"source":"cdda","matched_via":"exact"},"geometry":{"type":"Polygon","coordinates":[[[23.406,55.71835],[23.40599,55.71832],[23.40603,55.71829],[23.40756,55.71745],[23.41087,55.71554],[23.411,55.71551],[23.41108,55.71552],[23.41724,55.71888],[23.41222,55.72182],[23.40688,55.71885],[23.406,55.71835]]]}},{"type":"Feature","properties":{"code":"LYFF-0253","name":"Taurijos ornitologinis draustinis","nr":253,"cdda_id":179140,"national_id":"0210602000005","founded":1997,"source":"cdda","matched_via":"exact"},"geometry":{"type":"Polygon","coordinates":[[[25.593,54.76973],[25.59007,54.76953],[25.58351,54.76581],[25.58501,54.75796],[25.57931,54.75527],[25.57751,54.75242],[25.62894,54.75628],[25.62606,54.77101],[25.61943,54.77245],[25.59572,54.76991],[25.593,54.76973]]]}},{"type":"Feature","properties":{"code":"LYFF-0254","name":"Antanų pedologinis draustinis","nr":254,"cdda_id":179079,"national_id":"0210400000005","founded":1988,"source":"cdda","matched_via":"exact"},"geometry":{"type":"Polygon","coordinates":[[[26.66782,55.24082],[26.66872,55.23864],[26.66991,55.23542],[26.67017,55.23414],[26.67384,55.23035],[26.6756,55.2284],[26.68687,55.22913],[26.68523,55.23737],[26.68441,55.24187],[26.67208,55.24113],[26.66782,55.24082]]]}},{"type":"Feature","properties":{"code":"LYFF-0255","name":"Ažubalės pedologinis draustinis","nr":255,"cdda_id":179080,"national_id":"0210400000010","founded":1988,"source":"cdda","matched_via":"exact"},"geometry":{"type":"Polygon","coordinates":[[[25.40833,54.33167],[25.42119,54.33215],[25.42342,54.33587],[25.42397,54.3359],[25.42471,54.33827],[25.41519,54.33782],[25.41445,54.34332],[25.40845,54.34254],[25.40712,54.34273],[25.40819,54.33268],[25.40833,54.33167]]]}},{"type":"Feature","properties":{"code":"LYFF-0257","name":"Gabriliavos pedologinis draustinis","nr":257,"cdda_id":179082,"national_id":"0210400000007","founded":1988,"source":"cdda","matched_via":"exact"},"geometry":{"type":"Polygon","coordinates":[[[24.67171,54.83333],[24.66799,54.83041],[24.67031,54.82967],[24.66767,54.82447],[24.68253,54.82258],[24.6856,54.83336],[24.68402,54.83468],[24.68381,54.83579],[24.67988,54.83572],[24.67349,54.83386],[24.67171,54.83333]]]}},{"type":"Feature","properties":{"code":"LYFF-0258","name":"Glėbavo pedologinis draustinis","nr":258,"cdda_id":179083,"national_id":"0210400000001","founded":1988,"source":"cdda","matched_via":"exact"},"geometry":{"type":"Polygon","coordinates":[[[24.04307,56.24822],[24.04354,56.24579],[24.04482,56.24378],[24.04519,56.24335],[24.05247,56.2438],[24.05181,56.24756],[24.04978,56.258],[24.04137,56.25751],[24.04195,56.25385],[24.04295,56.24875],[24.04307,56.24822]]]}},{"type":"Feature","properties":{"code":"LYFF-0259","name":"Liepinės pedologinis draustinis","nr":259,"cdda_id":179084,"national_id":"0210400000003","founded":1988,"source":"cdda","matched_via":"exact"},"geometry":{"type":"Polygon","coordinates":[[[23.46987,55.78998],[23.46949,55.79014],[23.46924,55.79014],[23.4516,55.77995],[23.46073,55.77581],[23.46851,55.78134],[23.47675,55.77771],[23.48333,55.78297],[23.47642,55.78693],[23.47175,55.78922],[23.46987,55.78998]]]}},{"type":"Feature","properties":{"code":"LYFF-0260","name":"Meškinės pedologinis draustinis","nr":260,"cdda_id":179086,"national_id":"0210400000004","founded":1988,"source":"cdda","matched_via":"exact"},"geometry":{"type":"Polygon","coordinates":[[[21.82319,55.43553],[21.82314,55.43534],[21.82045,55.43519],[21.81329,55.42957],[21.812,55.42999],[21.81317,55.42509],[21.82954,55.42623],[21.82753,55.43549],[21.82547,55.43543],[21.82331,55.43566],[21.82319,55.43553]]]}},{"type":"Feature","properties":{"code":"LYFF-0262","name":"Vainiškio pedologinis draustinis","nr":262,"cdda_id":179088,"national_id":"0210400000002","founded":1988,"source":"cdda","matched_via":"exact"},"geometry":{"type":"Polygon","coordinates":[[[25.04867,55.87454],[25.04796,55.86928],[25.05356,55.869],[25.0581,55.86878],[25.0649,55.86842],[25.07015,55.86815],[25.07413,55.86794],[25.07476,55.86923],[25.07644,55.87291],[25.07326,55.8731],[25.06693,55.87351],[25.06312,55.87374],[25.05681,55.8741],[25.04867,55.87454]]]}},{"type":"Feature","properties":{"code":"LYFF-0263","name":"Varčios pedologinis draustinis","nr":263,"cdda_id":179089,"national_id":"0210400000011","founded":1988,"source":"cdda","matched_via":"exact"},"geometry":{"type":"Polygon","coordinates":[[[24.24318,54.33971],[24.24048,54.34309],[24.23749,54.34451],[24.23696,54.34426],[24.23607,54.34536],[24.22481,54.34193],[24.22603,54.33463],[24.23081,54.33531],[24.23282,54.33433],[24.24282,54.33948],[24.24318,54.33971]]]}},{"type":"Feature","properties":{"code":"LYFF-0264","name":"Varnabūdės pedologinis draustinis","nr":264,"cdda_id":179090,"national_id":"0210400000008","founded":1988,"source":"cdda","matched_via":"exact"},"geometry":{"type":"Polygon","coordinates":[[[23.64442,54.64183],[23.65845,54.63578],[23.67362,54.63908],[23.67288,54.63998],[23.65845,54.64419],[23.65788,54.64466],[23.65656,54.6452],[23.65269,54.64621],[23.65085,54.64629],[23.64979,54.64615],[23.64442,54.64183]]]}},{"type":"Feature","properties":{"code":"LYFF-0265","name":"Adutiškio telmologinis draustinis","nr":265,"cdda_id":179046,"national_id":"0210900000026","founded":1974,"source":"cdda","matched_via":"exact"},"geometry":{"type":"Polygon","coordinates":[[[26.67549,55.25454],[26.67589,55.25229],[26.68197,55.25182],[26.68242,55.25101],[26.68087,55.25002],[26.68252,55.24939],[26.68211,55.24855],[26.68326,55.24846],[26.68412,55.24716],[26.68766,55.24769],[26.693,55.24433],[26.69725,55.24626],[26.69822,55.24513],[26.70229,55.24454],[26.7031,55.24307],[26.71136,55.24354],[26.71098,55.24563],[26.71394,55.24551],[26.71431,55.24735],[26.71692,55.24833],[26.71649,55.25111],[26.72153,55.2525],[26.72083,55.25447],[26.71816,55.2553],[26.71774,55.25683],[26.72605,55.2548],[26.73288,55.25449],[26.73495,55.25619],[26.73382,55.25834],[26.73722,55.25904],[26.73982,55.26166],[26.74215,55.26118],[26.74182,55.26278],[26.74483,55.26557],[26.74463,55.26663],[26.74861,55.26708],[26.74914,55.26857],[26.74669,55.26936],[26.73941,55.26898],[26.73366,55.26659],[26.73035,55.26644],[26.73047,55.26739],[26.72593,55.2677],[26.72024,55.26671],[26.71069,55.2694],[26.71056,55.27174],[26.70862,55.27245],[26.69695,55.27206],[26.69466,55.27329],[26.69287,55.27109],[26.68725,55.26871],[26.68443,55.26601],[26.68332,55.26284],[26.68769,55.26176],[26.68808,55.26077],[26.68232,55.25973],[26.68381,55.25851],[26.68326,55.25754],[26.6787,55.258],[26.67501,55.25705],[26.67549,55.25454]]]}},{"type":"Feature","properties":{"code":"LYFF-0266","name":"Algirdėnų telmologinis draustinis","nr":266,"cdda_id":179047,"national_id":"0210900000023","founded":1974,"source":"cdda","matched_via":"exact"},"geometry":{"type":"Polygon","coordinates":[[[25.7357,54.91177],[25.72605,54.91108],[25.73332,54.90557],[25.73648,54.90793],[25.74199,54.90725],[25.74347,54.90548],[25.74868,54.90705],[25.74804,54.91269],[25.74136,54.91233],[25.7399,54.91369],[25.74176,54.91429],[25.73906,54.91656],[25.73533,54.91402],[25.7357,54.91177]]]}},{"type":"Feature","properties":{"code":"LYFF-0268","name":"Alojos telmologinis draustinis","nr":268,"cdda_id":179048,"national_id":"0210900000028","founded":1974,"source":"cdda","matched_via":"exact"},"geometry":{"type":"Polygon","coordinates":[[[24.87247,55.7333],[24.87237,55.73004],[24.8749,55.72469],[24.88189,55.72241],[24.88543,55.72267],[24.87748,55.72872],[24.87791,55.72946],[24.8754,55.73172],[24.87536,55.73328],[24.87323,55.73333],[24.87247,55.7333]]]}},{"type":"Feature","properties":{"code":"LYFF-0270","name":"Balčių telmologinis draustinis","nr":270,"cdda_id":179051,"national_id":"0210900000007","founded":1974,"source":"cdda","matched_via":"exact"},"geometry":{"type":"Polygon","coordinates":[[[25.97931,55.5427],[25.97606,55.5432],[25.97387,55.5418],[25.97181,55.53909],[25.97261,55.53712],[25.96917,55.53511],[25.97005,55.52857],[25.97715,55.53829],[25.98031,55.53982],[25.97938,55.54241],[25.97931,55.5427]]]}},{"type":"Feature","properties":{"code":"LYFF-0271","name":"Baltasamanės telmologinis draustinis","nr":271,"cdda_id":179052,"national_id":"0210900000016","founded":1974,"source":"cdda","matched_via":"exact"},"geometry":{"type":"Polygon","coordinates":[[[25.94388,54.9475],[25.94482,54.95275],[25.93729,54.95199],[25.93416,54.95661],[25.92452,54.95507],[25.91769,54.95757],[25.89165,54.94253],[25.88961,54.93627],[25.90838,54.93139],[25.91881,54.93671],[25.92776,54.93768],[25.94383,54.94749],[25.94388,54.9475]]]}},{"type":"Feature","properties":{"code":"LYFF-0272","name":"Barnėnų telmologinis draustinis","nr":272,"cdda_id":179053,"national_id":"0210900000009","founded":1974,"source":"cdda","matched_via":"exact"},"geometry":{"type":"Polygon","coordinates":[[[24.63863,55.42755],[24.63573,55.42239],[24.63898,55.42308],[24.64224,55.42092],[24.64178,55.42512],[24.64574,55.42658],[24.64572,55.42816],[24.64363,55.4286],[24.64013,55.42622],[24.63884,55.42751],[24.63863,55.42755]]]}},{"type":"Feature","properties":{"code":"LYFF-0273","name":"Bartkuškio telmologinis draustinis","nr":273,"cdda_id":179054,"national_id":"0210900000018","founded":1974,"source":"cdda","matched_via":"exact"},"geometry":{"type":"Polygon","coordinates":[[[24.95829,54.89572],[24.96799,54.8924],[24.96669,54.89077],[24.96877,54.88959],[24.96718,54.88726],[24.96341,54.8867],[24.96706,54.88342],[24.97208,54.88305],[24.97218,54.88198],[24.97604,54.88731],[24.97243,54.8903],[24.97943,54.89245],[24.97898,54.89718],[24.98517,54.8974],[24.9846,54.89921],[24.98057,54.90027],[24.98228,54.90175],[24.98046,54.90308],[24.98111,54.90374],[24.97468,54.90641],[24.97317,54.90602],[24.97408,54.90422],[24.96851,54.90327],[24.96697,54.90012],[24.96794,54.89765],[24.96108,54.90081],[24.95827,54.89588],[24.95829,54.89572]]]}},{"type":"Feature","properties":{"code":"LYFF-0274","name":"Eituniškės telmologinis draustinis","nr":274,"cdda_id":179055,"national_id":"0210900000017","founded":1974,"source":"cdda","matched_via":"exact"},"geometry":{"type":"Polygon","coordinates":[[[25.79989,54.9319],[25.79918,54.92708],[25.80874,54.92551],[25.81247,54.92253],[25.82256,54.92207],[25.82231,54.91993],[25.82853,54.91734],[25.82887,54.92092],[25.83426,54.92333],[25.82569,54.92974],[25.80075,54.93174],[25.79989,54.9319]]]}},{"type":"Feature","properties":{"code":"LYFF-0275","name":"Gėjaus telmologinis draustinis","nr":275,"cdda_id":179056,"national_id":"0210900000020","founded":1992,"source":"cdda","matched_via":"exact"},"geometry":{"type":"Polygon","coordinates":[[[24.48727,54.48018],[24.49131,54.47609],[24.49022,54.47287],[24.48431,54.4714],[24.48553,54.47003],[24.48272,54.46857],[24.48584,54.46626],[24.48448,54.46494],[24.48866,54.46467],[24.4958,54.45871],[24.49153,54.45297],[24.51059,54.44729],[24.51545,54.44997],[24.51549,54.46095],[24.51051,54.46481],[24.51401,54.46604],[24.50975,54.46862],[24.51126,54.47258],[24.5086,54.47389],[24.51645,54.47544],[24.51455,54.47841],[24.51675,54.4831],[24.52382,54.48157],[24.52479,54.48824],[24.51593,54.48952],[24.50777,54.48567],[24.49699,54.48637],[24.49191,54.48081],[24.48785,54.48047],[24.48727,54.48018]]]}},{"type":"Feature","properties":{"code":"LYFF-0276","name":"Girkančių telmologinis draustinis","nr":276,"cdda_id":179057,"national_id":"0210900000036","founded":1974,"source":"cdda","matched_via":"exact"},"geometry":{"type":"Polygon","coordinates":[[[23.07139,56.2287],[23.08375,56.22294],[23.09492,56.22451],[23.09657,56.22108],[23.11535,56.22698],[23.11261,56.2324],[23.09951,56.23041],[23.09636,56.23395],[23.07194,56.22882],[23.07139,56.2287]]]}},{"type":"Feature","properties":{"code":"LYFF-0277","name":"Ilgininkų telmologinis draustinis","nr":277,"cdda_id":179058,"national_id":"0210900000029","founded":1992,"source":"cdda","matched_via":"exact"},"geometry":{"type":"Polygon","coordinates":[[[24.15433,54.26595],[24.15375,54.26612],[24.15522,54.26259],[24.15712,54.26161],[24.15837,54.26239],[24.15848,54.26119],[24.16059,54.26],[24.16177,54.26043],[24.16298,54.25919],[24.16505,54.25953],[24.16667,54.25889],[24.16706,54.25952],[24.16985,54.25996],[24.1712,54.25906],[24.17077,54.2585],[24.17129,54.25822],[24.17354,54.26025],[24.17581,54.26017],[24.17558,54.26097],[24.17841,54.26065],[24.17594,54.26126],[24.17535,54.26306],[24.17631,54.26267],[24.1793,54.26379],[24.181,54.26356],[24.18194,54.26478],[24.18376,54.2642],[24.18581,54.26583],[24.18759,54.26551],[24.18844,54.26707],[24.18954,54.26751],[24.1905,54.26708],[24.18952,54.26643],[24.19146,54.26555],[24.19431,54.26621],[24.19317,54.2677],[24.18857,54.27012],[24.18856,54.27108],[24.18676,54.27246],[24.18663,54.27502],[24.18404,54.27668],[24.17763,54.27241],[24.16978,54.27228],[24.16737,54.27386],[24.16647,54.27185],[24.1649,54.27258],[24.16426,54.27191],[24.16486,54.27145],[24.16351,54.27154],[24.16485,54.27051],[24.16278,54.27028],[24.1617,54.27159],[24.15993,54.27202],[24.16087,54.27004],[24.15611,54.26896],[24.15768,54.26698],[24.15757,54.26608],[24.15653,54.26632],[24.15559,54.26541],[24.1545,54.26587],[24.15433,54.26595]]]}},{"type":"Feature","properties":{"code":"LYFF-0279","name":"Karniškių telmologinis draustinis","nr":279,"cdda_id":179060,"national_id":"0210900000035","founded":1974,"source":"cdda","matched_via":"exact"},"geometry":{"type":"Polygon","coordinates":[[[23.04602,56.21501],[23.04777,56.21175],[23.05301,56.21202],[23.06246,56.20194],[23.08133,56.20493],[23.07791,56.2108],[23.08294,56.2132],[23.08063,56.21673],[23.06715,56.21468],[23.05486,56.21653],[23.04602,56.21501]]]}},{"type":"Feature","properties":{"code":"LYFF-0280","name":"Kepurinės telmologinis draustinis","nr":280,"cdda_id":179062,"national_id":"0210900000033","founded":1988,"source":"cdda","matched_via":"exact"},"geometry":{"type":"Polygon","coordinates":[[[25.21919,55.7916],[25.19812,55.77909],[25.21698,55.76351],[25.2371,55.76674],[25.24008,55.77333],[25.26159,55.78375],[25.2483,55.78489],[25.25157,55.78701],[25.23737,55.79476],[25.22038,55.79214],[25.21919,55.7916]]]}},{"type":"Feature","properties":{"code":"LYFF-0281","name":"Kernavo telmologinis draustinis","nr":281,"cdda_id":145431,"national_id":"0210900000039","founded":1998,"source":"cdda","matched_via":"exact"},"geometry":{"type":"Polygon","coordinates":[[[25.12828,54.35901],[25.13407,54.36041],[25.14492,54.36518],[25.15044,54.36637],[25.15357,54.36664],[25.15493,54.36249],[25.16287,54.36334],[25.16098,54.36931],[25.16888,54.37018],[25.16675,54.37679],[25.17468,54.3777],[25.16721,54.40269],[25.15065,54.40077],[25.15275,54.39441],[25.11241,54.38986],[25.11387,54.38529],[25.11165,54.38276],[25.10724,54.38133],[25.10383,54.38133],[25.10311,54.38064],[25.10005,54.37581],[25.10238,54.36928],[25.11045,54.37021],[25.11475,54.35748],[25.12731,54.35892],[25.12828,54.35901]]]}},{"type":"Feature","properties":{"code":"LYFF-0282","name":"Krakinio telmologinis draustinis","nr":282,"cdda_id":179063,"national_id":"0210900000021","founded":1974,"source":"cdda","matched_via":"exact"},"geometry":{"type":"Polygon","coordinates":[[[23.51135,53.99942],[23.51568,53.99699],[23.5252,53.99743],[23.52335,54.00094],[23.5187,54.00064],[23.52015,54.00186],[23.51805,54.00221],[23.52146,54.00245],[23.51947,54.00372],[23.52253,54.00364],[23.52217,54.00607],[23.52688,54.00809],[23.52702,54.01083],[23.52403,54.01274],[23.51822,54.01133],[23.50627,54.00591],[23.50924,54.00514],[23.50901,54.0022],[23.49957,53.99979],[23.50639,53.99698],[23.5105,53.99968],[23.51135,53.99942]]]}},{"type":"Feature","properties":{"code":"LYFF-0283","name":"Kuzapiškės telmologinis draustinis","nr":283,"cdda_id":179064,"national_id":"0210900000022","founded":1974,"source":"cdda","matched_via":"exact"},"geometry":{"type":"Polygon","coordinates":[[[23.75111,53.99174],[23.75507,53.99272],[23.75496,53.99409],[23.75564,53.99499],[23.75384,53.996],[23.74964,53.99628],[23.74917,53.99535],[23.75044,53.99328],[23.74967,53.99288],[23.75082,53.99173],[23.75111,53.99174]]]}},{"type":"Feature","properties":{"code":"LYFF-0284","name":"Laukėnų telmologinis draustinis","nr":284,"cdda_id":179065,"national_id":"0210900000013","founded":1992,"source":"cdda","matched_via":"exact"},"geometry":{"type":"Polygon","coordinates":[[[25.06814,55.2023],[25.06469,55.20087],[25.06381,55.19816],[25.05493,55.19784],[25.05132,55.19423],[25.04242,55.19106],[25.04346,55.18844],[25.04799,55.18811],[25.04608,55.18595],[25.04844,55.18375],[25.06284,55.18607],[25.06464,55.18369],[25.06879,55.18274],[25.0711,55.18578],[25.06864,55.19083],[25.07134,55.1956],[25.06806,55.19675],[25.06813,55.20228],[25.06814,55.2023]]]}},{"type":"Feature","properties":{"code":"LYFF-0285","name":"Lygiaraisčio telmologinis draustinis","nr":285,"cdda_id":179066,"national_id":"0210900000015","founded":1974,"source":"cdda","matched_via":"exact"},"geometry":{"type":"Polygon","coordinates":[[[24.63819,55.00354],[24.64503,55.00178],[24.63967,54.99905],[24.64642,54.99412],[24.64396,54.99212],[24.64575,54.99121],[24.66395,54.99329],[24.68204,54.98614],[24.68761,54.98686],[24.6843,54.99024],[24.69062,54.98923],[24.68349,54.99447],[24.68133,54.99126],[24.67449,54.99405],[24.67981,54.99516],[24.679,55.0008],[24.68364,54.99889],[24.68693,55.00468],[24.67113,55.00099],[24.67243,55.00464],[24.67962,55.00631],[24.68748,55.01278],[24.67855,55.01157],[24.67984,55.00984],[24.67275,55.0107],[24.67021,55.00448],[24.65972,55.00585],[24.65217,55.00294],[24.65186,55.00566],[24.64767,55.00266],[24.64067,55.00388],[24.64339,55.00585],[24.63986,55.0045],[24.63819,55.00354]]]}},{"type":"Feature","properties":{"code":"LYFF-0286","name":"Milašiaus telmologinis draustinis","nr":286,"cdda_id":179067,"national_id":"0210900000011","founded":1988,"source":"cdda","matched_via":"exact"},"geometry":{"type":"Polygon","coordinates":[[[26.48028,55.24272],[26.47737,55.24254],[26.47691,55.22999],[26.45926,55.22211],[26.4725,55.22008],[26.47399,55.2196],[26.47311,55.21708],[26.48743,55.21384],[26.49427,55.21722],[26.50834,55.21581],[26.50411,55.21866],[26.50761,55.22025],[26.49771,55.2247],[26.51018,55.22964],[26.50838,55.23124],[26.51004,55.23285],[26.50731,55.23367],[26.51046,55.23523],[26.51126,55.23888],[26.49303,55.24566],[26.48034,55.24275],[26.48028,55.24272]]]}},{"type":"Feature","properties":{"code":"LYFF-0288","name":"Notigalės telmologinis draustinis","nr":288,"cdda_id":62318,"national_id":"0210900000030","founded":1974,"source":"cdda","matched_via":"exact"},"geometry":{"type":"Polygon","coordinates":[[[25.32326,55.96278],[25.3223,55.97509],[25.29752,55.97377],[25.299,55.96293],[25.27436,55.95653],[25.27475,55.94378],[25.29529,55.92718],[25.324,55.92515],[25.32342,55.93617],[25.32965,55.9399],[25.31683,55.94986],[25.33297,55.95169],[25.33119,55.96049],[25.32409,55.96243],[25.32326,55.96278]]]}},{"type":"Feature","properties":{"code":"LYFF-0289","name":"Paginskių telmologinis draustinis","nr":289,"cdda_id":179068,"national_id":"0210900000006","founded":1992,"source":"cdda","matched_via":"exact"},"geometry":{"type":"Polygon","coordinates":[[[22.70159,55.66386],[22.69645,55.66102],[22.70972,55.65399],[22.71033,55.65086],[22.71889,55.65282],[22.71626,55.6545],[22.71826,55.6568],[22.72303,55.65207],[22.73327,55.65531],[22.72327,55.65621],[22.71812,55.66016],[22.7205,55.66321],[22.70724,55.66301],[22.70159,55.66386]]]}},{"type":"Feature","properties":{"code":"LYFF-0291","name":"Palaraisčio telmologinis draustinis","nr":291,"cdda_id":179070,"national_id":"0210900000038","founded":1998,"source":"cdda","matched_via":"exact"},"geometry":{"type":"Polygon","coordinates":[[[24.37585,54.97381],[24.37805,54.96439],[24.36265,54.95776],[24.36836,54.95386],[24.39666,54.95622],[24.39414,54.96584],[24.40051,54.96632],[24.39831,54.97585],[24.38432,54.97461],[24.37585,54.97381]]]}},{"type":"Feature","properties":{"code":"LYFF-0292","name":"Perūno telmologinis draustinis","nr":292,"cdda_id":145438,"national_id":"0210900000037","founded":1998,"source":"cdda","matched_via":"exact"},"geometry":{"type":"Polygon","coordinates":[[[25.93635,54.99863],[25.93734,54.98546],[25.92801,54.97899],[25.95049,54.97296],[25.99892,54.99818],[25.96994,55.01499],[25.96722,55.00132],[25.94074,55.00076],[25.93635,54.99863]]]}},{"type":"Feature","properties":{"code":"LYFF-0293","name":"Petriošiškio telmologinis draustinis","nr":293,"cdda_id":179071,"national_id":"0210900000004","founded":1974,"source":"cdda","matched_via":"exact"},"geometry":{"type":"Polygon","coordinates":[[[25.46949,55.82725],[25.48053,55.82461],[25.48395,55.82681],[25.4644,55.83051],[25.44664,55.82713],[25.44465,55.82861],[25.43796,55.82483],[25.44171,55.82094],[25.44768,55.82447],[25.46467,55.82217],[25.46581,55.82307],[25.46085,55.82351],[25.46906,55.8272],[25.46949,55.82725]]]}},{"type":"Feature","properties":{"code":"LYFF-0294","name":"Pleinės telmologinis draustinis","nr":294,"cdda_id":179072,"national_id":"0210900000012","founded":1992,"source":"cdda","matched_via":"exact"},"geometry":{"type":"Polygon","coordinates":[[[21.6666,55.19977],[21.67737,55.2005],[21.68155,55.19921],[21.69049,55.20504],[21.69063,55.21153],[21.67745,55.21295],[21.67615,55.21589],[21.66435,55.21453],[21.65627,55.21154],[21.66595,55.20029],[21.6666,55.19977]]]}},{"type":"Feature","properties":{"code":"LYFF-0295","name":"Pušnies telmologinis draustinis","nr":295,"cdda_id":179073,"national_id":"0210900000027","founded":1974,"source":"cdda","matched_via":"exact"},"geometry":{"type":"Polygon","coordinates":[[[26.43654,55.50968],[26.43596,55.50846],[26.42838,55.5114],[26.4241,55.50774],[26.42306,55.50606],[26.42973,55.50493],[26.42894,55.50055],[26.42381,55.50061],[26.42338,55.49822],[26.4148,55.49987],[26.41614,55.49722],[26.41448,55.49652],[26.4179,55.49196],[26.42669,55.48948],[26.42834,55.4871],[26.43326,55.48874],[26.4367,55.48574],[26.43831,55.48667],[26.43465,55.48835],[26.43508,55.48975],[26.44055,55.48878],[26.4439,55.4864],[26.44901,55.48706],[26.44723,55.48868],[26.45266,55.48882],[26.45328,55.48647],[26.44859,55.48459],[26.4572,55.48232],[26.45995,55.48256],[26.45902,55.48385],[26.46277,55.48568],[26.46955,55.48595],[26.46952,55.4871],[26.46467,55.48783],[26.46914,55.49208],[26.47053,55.49179],[26.47053,55.48992],[26.47352,55.49491],[26.4756,55.49558],[26.47086,55.49847],[26.47173,55.50163],[26.47015,55.50416],[26.46426,55.50519],[26.4638,55.50926],[26.46202,55.50738],[26.45857,55.50745],[26.45408,55.50894],[26.45597,55.51099],[26.4542,55.51236],[26.45019,55.51309],[26.44794,55.51238],[26.44972,55.51179],[26.44904,55.51018],[26.44482,55.50946],[26.44519,55.50759],[26.44395,55.50969],[26.44677,55.51161],[26.44604,55.51302],[26.44272,55.51066],[26.43674,55.51011],[26.43654,55.50968]]]}},{"type":"Feature","properties":{"code":"LYFF-0296","name":"Raudonosios balos telmologinis draustinis","nr":296,"cdda_id":179074,"national_id":"0210900000019","founded":1974,"source":"cdda","matched_via":"exact"},"geometry":{"type":"Polygon","coordinates":[[[25.22444,54.85853],[25.22023,54.85795],[25.21983,54.85573],[25.20646,54.8531],[25.21323,54.84964],[25.22463,54.84863],[25.23414,54.85013],[25.23422,54.85122],[25.23887,54.85208],[25.2395,54.85328],[25.23648,54.85515],[25.23913,54.85637],[25.23539,54.8581],[25.22629,54.85575],[25.22445,54.8584],[25.22444,54.85853]]]}},{"type":"Feature","properties":{"code":"LYFF-0298","name":"Sakonių balos telmologinis draustinis","nr":298,"cdda_id":179075,"national_id":"0210900000025","founded":1974,"source":"cdda","matched_via":"exact"},"geometry":{"type":"Polygon","coordinates":[[[25.19134,55.75772],[25.19268,55.75316],[25.20067,55.74819],[25.20402,55.74808],[25.20385,55.75064],[25.20573,55.75215],[25.20384,55.75349],[25.20479,55.7552],[25.19623,55.75822],[25.19144,55.75776],[25.19134,55.75772]]]}},{"type":"Feature","properties":{"code":"LYFF-0299","name":"Suvainiškio telmologinis draustinis","nr":299,"cdda_id":62322,"national_id":"0210900000002","founded":1988,"source":"cdda","matched_via":"exact"},"geometry":{"type":"Polygon","coordinates":[[[25.20611,56.16442],[25.2021,56.14022],[25.24288,56.13652],[25.25122,56.12878],[25.26027,56.13736],[25.27568,56.13751],[25.27787,56.15508],[25.22267,56.1636],[25.20611,56.16442]]]}},{"type":"Feature","properties":{"code":"LYFF-0300","name":"Svencelės telmologinis draustinis","nr":300,"cdda_id":62339,"national_id":"0210900000008","founded":1992,"source":"cdda","matched_via":"exact"},"geometry":{"type":"Polygon","coordinates":[[[21.26184,55.4979],[21.25471,55.49498],[21.25685,55.49147],[21.26191,55.48998],[21.25632,55.48616],[21.2634,55.48153],[21.2659,55.47348],[21.27053,55.46744],[21.27098,55.4629],[21.26794,55.46048],[21.29465,55.45908],[21.29847,55.46203],[21.29833,55.46434],[21.29576,55.46585],[21.29862,55.46984],[21.30729,55.47002],[21.30633,55.47332],[21.30818,55.47454],[21.31731,55.47322],[21.31949,55.4791],[21.32356,55.48159],[21.33159,55.48211],[21.3392,55.48552],[21.33962,55.48751],[21.33716,55.49079],[21.31887,55.49687],[21.3123,55.49579],[21.30649,55.4983],[21.29456,55.49787],[21.29411,55.49527],[21.28402,55.4949],[21.26413,55.49759],[21.26184,55.4979]]]}},{"type":"Feature","properties":{"code":"LYFF-0301","name":"Šernynės telmologinis draustinis","nr":301,"cdda_id":179076,"national_id":"0210900000031","founded":1992,"source":"cdda","matched_via":"exact"},"geometry":{"type":"Polygon","coordinates":[[[22.5039,56.28505],[22.52297,56.28369],[22.52371,56.28668],[22.51826,56.28844],[22.52358,56.28798],[22.52308,56.29216],[22.51873,56.29485],[22.50585,56.29386],[22.50353,56.28507],[22.5039,56.28505]]]}},{"type":"Feature","properties":{"code":"LYFF-0302","name":"Šešuolėlių telmologinis draustinis","nr":302,"cdda_id":179077,"national_id":"0210900000014","founded":1992,"source":"cdda","matched_via":"exact"},"geometry":{"type":"Polygon","coordinates":[[[25.04456,55.09874],[25.04798,55.09632],[25.03617,55.08678],[25.03756,55.08286],[25.07285,55.08098],[25.08458,55.09466],[25.07387,55.09462],[25.06624,55.10387],[25.05091,55.10397],[25.04654,55.09892],[25.04456,55.09874]]]}},{"type":"Feature","properties":{"code":"LYFF-0303","name":"Vytėnų telmologinis draustinis","nr":303,"cdda_id":179078,"national_id":"0210900000010","founded":1974,"source":"cdda","matched_via":"exact"},"geometry":{"type":"Polygon","coordinates":[[[26.54285,55.30983],[26.54747,55.30344],[26.56685,55.29448],[26.57608,55.29404],[26.57861,55.29762],[26.5731,55.29879],[26.57515,55.30399],[26.56701,55.30791],[26.56908,55.31155],[26.54296,55.31139],[26.54285,55.30983]]]}}]}